/*
SQLyog Ultimate v10.3 
MySQL - 5.5.5-10.4.16-MariaDB : Database - ajesd_baru
*********************************************************************
*/


/*!40101 SET NAMES utf8 */;

/*!40101 SET SQL_MODE=''*/;

/*!40014 SET @OLD_UNIQUE_CHECKS=@@UNIQUE_CHECKS, UNIQUE_CHECKS=0 */;
/*!40014 SET @OLD_FOREIGN_KEY_CHECKS=@@FOREIGN_KEY_CHECKS, FOREIGN_KEY_CHECKS=0 */;
/*!40101 SET @OLD_SQL_MODE=@@SQL_MODE, SQL_MODE='NO_AUTO_VALUE_ON_ZERO' */;
/*!40111 SET @OLD_SQL_NOTES=@@SQL_NOTES, SQL_NOTES=0 */;
CREATE DATABASE /*!32312 IF NOT EXISTS*/`pasekayu_ajesd_baru` /*!40100 DEFAULT CHARACTER SET utf8mb4 */;

USE `pasekayu_ajesd_baru`;

/*Table structure for table `akta_cerai` */

DROP TABLE IF EXISTS `akta_cerai`;

CREATE TABLE `akta_cerai` (
  `akta_cerai_id` int(11) NOT NULL AUTO_INCREMENT,
  `user_name` varchar(20) DEFAULT NULL,
  `kecamatan_id` varchar(7) DEFAULT NULL,
  `desa_id` varchar(10) DEFAULT NULL,
  `no_hp` varchar(20) DEFAULT NULL,
  `akta_cerai_status` enum('Dilihat','Belum Dilihat','Diproses','Selesai','Diterima','Dikembalikan','Diambil','Ditolak','Disetujui Penjemputan Pada Tanggal Sidang','Disetujui Penjemputan','Bersiaplah Petugas Menuju Ke Lokasi') NOT NULL DEFAULT 'Belum Dilihat',
  `akta_cerai_tanggal` date DEFAULT NULL,
  `jenis_layanan` enum('pendaftaran','persidangan','pengambilan produk pengadilan') DEFAULT NULL,
  `akta_cerai_klasifikasi` enum('Pemohon','Termohon','Penggugat','Tergugat','Pendaftaran Perkara','Persidangan','Cerai Gugat','Cerai Talak','Isbat Nikah','Harta Bersama','Kewarisan','Wali Adhol','Izin Poligami','Akta cerai','Salinan putusan') DEFAULT NULL,
  `akta_cerai_nomor` varchar(30) DEFAULT NULL,
  `akta_cerai_nama` varchar(150) DEFAULT NULL,
  `akta_cerai_jk` enum('Laki - Laki','Perempuan') DEFAULT NULL,
  `longitude` varchar(50) DEFAULT NULL,
  `akta_cerai_no_kk` varchar(30) DEFAULT NULL,
  `akta_cerai_alamat_lama` text DEFAULT NULL,
  `akta_cerai_alamat_baru` text DEFAULT NULL,
  `akta_cerai_file_akta` varchar(100) DEFAULT NULL,
  `akta_cerai_file_ktp` varchar(100) DEFAULT NULL,
  `akta_cerai_no_ktp` varchar(30) DEFAULT NULL,
  `akta_cerai_file_kk` varchar(100) DEFAULT NULL,
  `akta_cerai_form_perubahan` varchar(100) DEFAULT NULL,
  `akta_cerai_status_anak` enum('Ikut','Tidak Ikut') DEFAULT NULL,
  `akta_cerai_tanggal_proses` timestamp NULL DEFAULT NULL,
  `akta_cerai_tanggal_selesai` timestamp NULL DEFAULT NULL,
  `created_at` timestamp NOT NULL DEFAULT current_timestamp(),
  `updated_at` timestamp NOT NULL DEFAULT current_timestamp(),
  `keterangan` varchar(50) NOT NULL,
  PRIMARY KEY (`akta_cerai_id`),
  KEY `desa_id` (`desa_id`),
  KEY `kecamatan_id` (`kecamatan_id`),
  CONSTRAINT `akta_cerai_ibfk_1` FOREIGN KEY (`desa_id`) REFERENCES `desa` (`desa_id`) ON DELETE CASCADE ON UPDATE CASCADE,
  CONSTRAINT `akta_cerai_ibfk_2` FOREIGN KEY (`kecamatan_id`) REFERENCES `kecamatan` (`kecamatan_id`) ON DELETE CASCADE ON UPDATE CASCADE
) ENGINE=InnoDB AUTO_INCREMENT=77 DEFAULT CHARSET=latin1;

/*Data for the table `akta_cerai` */

insert  into `akta_cerai`(`akta_cerai_id`,`user_name`,`kecamatan_id`,`desa_id`,`no_hp`,`akta_cerai_status`,`akta_cerai_tanggal`,`jenis_layanan`,`akta_cerai_klasifikasi`,`akta_cerai_nomor`,`akta_cerai_nama`,`akta_cerai_jk`,`longitude`,`akta_cerai_no_kk`,`akta_cerai_alamat_lama`,`akta_cerai_alamat_baru`,`akta_cerai_file_akta`,`akta_cerai_file_ktp`,`akta_cerai_no_ktp`,`akta_cerai_file_kk`,`akta_cerai_form_perubahan`,`akta_cerai_status_anak`,`akta_cerai_tanggal_proses`,`akta_cerai_tanggal_selesai`,`created_at`,`updated_at`,`keterangan`) values (67,'a@gmail.com','1606101','1606101001','081271794758','Selesai','2022-03-24',NULL,'Pemohon','456789','asep','Laki - Laki','103.8627889','-2.8890127','JL. DR. AK GANI NO 42 TUNGKAL MUARA ENIM','Jl. Merdeka No.71, Kayu Ara, Sekayu, Kabupaten Musi Banyuasin, Sumatera Selatan 30711, Indonesia','f83637496525fa5f5829acf26f510f3f.docx','f8d46872e7464d85618c39bc033c4e89.pdf',NULL,NULL,NULL,'','2022-03-23 08:09:14','2022-03-23 09:04:45','2022-03-08 15:03:55','2022-03-23 10:04:38',''),(68,'b@gmail.com','1606010','1606010001','085369877735','Selesai','2022-03-25',NULL,'Termohon','1234567','nini','Laki - Laki','103.8627889','-2.8890127','Jl. Letnan Simanjuntak lr. lebak mulyo','Lrg. Lebak Mulyo, Pahlawan, Kec. Kemuning, Kota Palembang, Sumatera Selatan, Indonesia','5fcfe9e0b69f536761e3c35d5ddc6c70.pdf','a04e894dae6db05b23fb6e88477721e4.pdf',NULL,NULL,NULL,'','2022-03-23 08:20:03','2022-03-23 08:20:21','2022-03-22 13:08:32','2022-03-22 13:08:32',''),(71,'a@gmail.com','1606100','1606100027','081271794758','Selesai','2022-03-26',NULL,'Pemohon','1234567','asep','Laki - Laki','103.8635669','-2.8882557','JL. DR. AK GANI NO 42 TUNGKAL MUARA ENIM','Jl. Merdeka No.101, RW.Lk.2, Kayu Ara, Sekayu, Kabupaten Musi Banyuasin, Sumatera Selatan 30711, Indonesia','f9a78d0f068e3a35894a2f64cbca25fa.pdf','006da54568187cac67b4c925c6264877.pdf',NULL,NULL,NULL,NULL,NULL,NULL,'2022-03-23 14:34:31','2022-03-23 14:34:31',''),(72,'a@gmail.com','1606102','1606102001','085369877735','Bersiaplah Petugas Menuju Ke Lokasi','2022-03-28','pendaftaran','Pemohon','1234567','asep','Laki - Laki','104.7475181','-2.958691','Jl. Letnan Simanjuntak lr. lebak mulyo','Lrg. Lebak Mulyo, Pahlawan, Kec. Kemuning, Kota Palembang, Sumatera Selatan, Indonesia','9ebeab5082555f511854ad61495b4e96.pdf','6ab13e974f71251f83d172042400ebb6.pdf',NULL,NULL,NULL,NULL,NULL,NULL,'2022-03-24 16:46:01','2022-03-24 16:46:01',''),(73,'a@gmail.com','1606010','1606010001','098789678768','Selesai','2022-03-24','pendaftaran','Pemohon','121331313','asadewd','Laki - Laki','103.872292','-2.8954796','tungkal','4VGC+6W Kayu Ara, Musi Banyuasin Regency, South Sumatra, Indonesia','5ed937f0151a3f4273ad3e1c804107e0.pdf','5800be12d8e2bc3d02e77d4ff453759a.pdf',NULL,NULL,NULL,NULL,'2022-03-24 22:08:44','2022-03-24 22:09:05','2022-03-24 19:47:24','2022-03-24 21:55:21',''),(75,'asep31@gmail.com','1606102','1606102016','085369877745','Selesai','2022-03-30','pendaftaran','Cerai Gugat',NULL,'asep sunandar','Laki - Laki','104.1642608','-2.8954796','Jl Sido Mulyo no 46 Tungkal Jaya Kab Musi Banyuasin','F557+FP Teluk Tenggulang, Banyuasin Regency, South Sumatra, Indonesia','e4a870f0d0b50c04ac5d832edcc68b5d.pdf','30718650f42c3f120eb7b8e65e628b18.pdf','123456',NULL,NULL,NULL,'2022-03-28 21:03:01','2022-03-28 21:04:36','2022-03-28 20:45:58','2022-03-28 21:02:05',''),(76,'asep31@gmail.com','1606010','1606010001','085369877745','Disetujui Penjemputan','2022-03-30','persidangan','Penggugat','123456','asep sunandar','Laki - Laki','103.7752634','-2.8954796','JL. Sido Mulyo no 34 Tungkal Jaya Kab. Musi Banyuasin','pasar b2 kec, Sumber Sari, Tungkal Jaya, Kabupaten Musi Banyuasin, Sumatera Selatan 30756, Indonesia','c3511020d9eb38fb09040108ce8b4f11.pdf','fda3621c6f33d19fce437faa222e794b.pdf',NULL,NULL,NULL,NULL,'2022-03-28 22:16:41','2022-03-28 22:17:08','2022-03-28 21:08:39','2022-03-28 22:16:21','');

/*Table structure for table `audit` */

DROP TABLE IF EXISTS `audit`;

CREATE TABLE `audit` (
  `audit_id` int(11) NOT NULL AUTO_INCREMENT,
  `audit_tanggal` timestamp NOT NULL DEFAULT current_timestamp(),
  `audit_by` varchar(100) NOT NULL,
  `audit_ip` varchar(20) NOT NULL,
  `audit_action` enum('CREATE','READ','UPDATE','DELETE') NOT NULL,
  `audit_keterangan` text NOT NULL,
  `audit_link` varchar(100) NOT NULL,
  PRIMARY KEY (`audit_id`)
) ENGINE=InnoDB AUTO_INCREMENT=412 DEFAULT CHARSET=utf8mb4;

/*Data for the table `audit` */

insert  into `audit`(`audit_id`,`audit_tanggal`,`audit_by`,`audit_ip`,`audit_action`,`audit_keterangan`,`audit_link`) values (10,'2021-03-28 22:08:57','admin','182.1.237.205','CREATE','M User dengan ID = 8','http://serasansekate.pa-sekayu.go.id/user'),(11,'2021-03-28 22:09:23','admin','182.1.237.205','CREATE','M User dengan ID = 9','http://serasansekate.pa-sekayu.go.id/user'),(12,'2021-03-28 22:09:48','admin','182.1.237.205','CREATE','M User dengan ID = 10','http://serasansekate.pa-sekayu.go.id/user'),(13,'2021-03-28 22:21:23','admin','182.1.237.205','DELETE','M Akta Cerai dengan ID = 17','http://serasansekate.pa-sekayu.go.id/report'),(14,'2021-03-28 22:21:54','admin','182.1.237.205','UPDATE','M Akta Cerai menjadi Selesai dengan ID = 16','http://serasansekate.pa-sekayu.go.id/report'),(15,'2021-03-28 22:22:04','admin','182.1.237.205','DELETE','M Akta Cerai dengan ID = 15','http://serasansekate.pa-sekayu.go.id/report'),(16,'2021-03-29 08:33:49','dukcapil','117.74.114.10','UPDATE','M Akta Cerai menjadi Dilihat dengan ID = 20','http://serasansekate.pa-sekayu.go.id/akta-cerai'),(17,'2021-03-29 10:30:25','dukcapil','117.74.114.10','UPDATE','MENGGANTI STATUS  Akta Cerai menjadi Dilihat dengan ID = 19','http://serasansekate.pa-sekayu.go.id/akta-cerai'),(18,'2021-03-29 10:30:27','dukcapil','117.74.114.10','UPDATE','MENGGANTI STATUS  Akta Cerai menjadi Diproses dengan ID = 19','http://serasansekate.pa-sekayu.go.id/akta-cerai'),(19,'2021-03-29 10:30:30','dukcapil','117.74.114.10','UPDATE','MENGGANTI STATUS  Akta Cerai menjadi Dilihat dengan ID = 18','http://serasansekate.pa-sekayu.go.id/akta-cerai'),(20,'2021-03-29 10:30:31','dukcapil','117.74.114.10','UPDATE','MENGGANTI STATUS  Akta Cerai menjadi Diproses dengan ID = 18','http://serasansekate.pa-sekayu.go.id/akta-cerai'),(21,'2021-03-29 10:30:35','dukcapil','117.74.114.10','UPDATE','MENGGANTI STATUS  Akta Cerai menjadi Diproses dengan ID = 20','http://serasansekate.pa-sekayu.go.id/akta-cerai'),(22,'2021-03-29 10:32:31','dukcapil','117.74.114.10','UPDATE','MERUBAH DATA  Akta Cerai dengan ID = 20','http://serasansekate.pa-sekayu.go.id/akta-cerai/proses'),(23,'2021-03-29 10:32:52','dukcapil','117.74.114.10','UPDATE','MENGGANTI STATUS  Akta Cerai menjadi Selesai dengan ID = 20','http://serasansekate.pa-sekayu.go.id/akta-cerai/proses'),(24,'2021-03-29 10:38:34','dukcapil','117.74.114.10','UPDATE','MERUBAH DATA  Akta Cerai dengan ID = 18','http://serasansekate.pa-sekayu.go.id/akta-cerai/proses'),(25,'2021-03-29 10:38:38','dukcapil','117.74.114.10','UPDATE','MENGGANTI STATUS  Akta Cerai menjadi Selesai dengan ID = 18','http://serasansekate.pa-sekayu.go.id/akta-cerai/proses'),(26,'2021-03-29 10:42:05','dukcapil','117.74.114.10','UPDATE','MENGGANTI STATUS  Akta Cerai menjadi Selesai dengan ID = 19','http://serasansekate.pa-sekayu.go.id/akta-cerai/proses'),(27,'2021-03-29 10:44:05','admin','117.74.114.10','DELETE','MENGHAPUS DATA  Akta Cerai dengan ID = 8','http://serasansekate.pa-sekayu.go.id/report'),(28,'2021-03-29 10:44:13','admin','117.74.114.10','DELETE','MENGHAPUS DATA  Akta Cerai dengan ID = 6','http://serasansekate.pa-sekayu.go.id/report'),(29,'2021-03-29 10:44:19','admin','117.74.114.10','DELETE','MENGHAPUS DATA  Akta Cerai dengan ID = 4','http://serasansekate.pa-sekayu.go.id/report'),(30,'2021-03-29 10:44:26','admin','117.74.114.10','DELETE','MENGHAPUS DATA  Akta Cerai dengan ID = 5','http://serasansekate.pa-sekayu.go.id/report'),(31,'2021-03-29 10:44:45','admin','117.74.114.10','DELETE','MENGHAPUS DATA  Akta Cerai dengan ID = 9','http://serasansekate.pa-sekayu.go.id/report'),(32,'2021-03-29 10:44:50','admin','117.74.114.10','DELETE','MENGHAPUS DATA  Akta Cerai dengan ID = 2','http://serasansekate.pa-sekayu.go.id/report'),(33,'2021-03-29 10:44:54','admin','117.74.114.10','DELETE','MENGHAPUS DATA  Akta Cerai dengan ID = 11','http://serasansekate.pa-sekayu.go.id/report'),(34,'2021-03-29 10:44:58','admin','117.74.114.10','DELETE','MENGHAPUS DATA  Akta Cerai dengan ID = 20','http://serasansekate.pa-sekayu.go.id/report'),(35,'2021-03-29 10:45:01','admin','117.74.114.10','DELETE','MENGHAPUS DATA  Akta Cerai dengan ID = 18','http://serasansekate.pa-sekayu.go.id/report'),(36,'2021-03-29 10:45:05','admin','117.74.114.10','DELETE','MENGHAPUS DATA  Akta Cerai dengan ID = 19','http://serasansekate.pa-sekayu.go.id/report'),(37,'2021-03-29 10:45:11','admin','117.74.114.10','DELETE','MENGHAPUS DATA  Akta Cerai dengan ID = 16','http://serasansekate.pa-sekayu.go.id/report'),(38,'2021-03-29 10:45:14','admin','117.74.114.10','DELETE','MENGHAPUS DATA  Akta Cerai dengan ID = 13','http://serasansekate.pa-sekayu.go.id/report'),(39,'2021-03-29 10:45:18','admin','117.74.114.10','DELETE','MENGHAPUS DATA  Akta Cerai dengan ID = 12','http://serasansekate.pa-sekayu.go.id/report'),(40,'2021-03-29 10:45:22','admin','117.74.114.10','DELETE','MENGHAPUS DATA  Akta Cerai dengan ID = 7','http://serasansekate.pa-sekayu.go.id/report'),(41,'2021-03-30 08:42:13','pengadilan','117.74.114.10','CREATE','MENAMBAH DATA  Akta Cerai dengan ID = 21','http://serasansekate.pa-sekayu.go.id/akta-cerai'),(42,'2021-03-30 08:46:37','dukcapil','182.1.63.113','UPDATE','MENGGANTI STATUS  Akta Cerai menjadi Dilihat dengan ID = 21','http://serasansekate.pa-sekayu.go.id/akta-cerai'),(43,'2021-03-30 08:47:06','dukcapil','23.106.249.54','UPDATE','MENGGANTI STATUS  Akta Cerai menjadi Diproses dengan ID = 21','http://serasansekate.pa-sekayu.go.id/akta-cerai'),(44,'2021-03-30 08:47:10','dukcapil','182.1.63.113','UPDATE','MENGGANTI STATUS  Akta Cerai menjadi Diproses dengan ID = 21','http://serasansekate.pa-sekayu.go.id/akta-cerai'),(45,'2021-03-30 08:47:47','dukcapil','23.106.249.54','UPDATE','MERUBAH DATA  Akta Cerai dengan ID = 21','http://serasansekate.pa-sekayu.go.id/akta-cerai/proses'),(46,'2021-03-30 08:47:54','dukcapil','23.106.249.54','UPDATE','MENGGANTI STATUS  Akta Cerai menjadi Selesai dengan ID = 21','http://serasansekate.pa-sekayu.go.id/akta-cerai/proses'),(47,'2021-03-30 08:49:05','pengadilan','117.74.114.10','UPDATE','MENGGANTI STATUS  Akta Cerai menjadi Diterima dengan ID = 21','http://serasansekate.pa-sekayu.go.id/akta-cerai/selesai'),(48,'2021-03-30 08:51:12','admin','117.74.114.10','UPDATE','MENGGANTI STATUS  Akta Cerai menjadi Selesai dengan ID = 21','http://serasansekate.pa-sekayu.go.id/report'),(49,'2021-03-30 08:51:57','pengadilan','117.74.114.10','UPDATE','MENGGANTI STATUS  Akta Cerai menjadi Dikembalikan dengan ID = 21','http://serasansekate.pa-sekayu.go.id/akta-cerai/selesai'),(50,'2021-03-30 09:02:04','pengadilan','117.74.114.10','CREATE','MENAMBAH DATA  Akta Cerai dengan ID = 22','http://serasansekate.pa-sekayu.go.id/akta-cerai'),(51,'2021-03-30 09:02:33','dukcapil','23.106.249.54','UPDATE','MENGGANTI STATUS  Akta Cerai menjadi Dilihat dengan ID = 22','http://serasansekate.pa-sekayu.go.id/akta-cerai'),(52,'2021-03-30 09:03:10','dukcapil','23.106.249.54','UPDATE','MENGGANTI STATUS  Akta Cerai menjadi Diproses dengan ID = 22','http://serasansekate.pa-sekayu.go.id/akta-cerai'),(53,'2021-03-30 09:03:39','dukcapil','23.106.249.54','UPDATE','MENGGANTI STATUS  Akta Cerai menjadi Selesai dengan ID = ','http://serasansekate.pa-sekayu.go.id/akta-cerai/proses'),(54,'2021-03-30 09:04:03','dukcapil','23.106.249.54','UPDATE','MENGGANTI STATUS  Akta Cerai menjadi Selesai dengan ID = 22','http://serasansekate.pa-sekayu.go.id/akta-cerai/proses'),(55,'2021-03-30 14:10:12','pengadilan','117.74.114.10','CREATE','MENAMBAH DATA  Akta Cerai dengan ID = 23','http://serasansekate.pa-sekayu.go.id/akta-cerai'),(56,'2021-03-30 15:21:59','dukcapil','116.206.35.17','UPDATE','MENGGANTI STATUS  Akta Cerai menjadi Dilihat dengan ID = 23','http://serasansekate.pa-sekayu.go.id/akta-cerai'),(57,'2021-03-30 15:38:57','dukcapil','103.160.57.22','UPDATE','MENGGANTI STATUS  Akta Cerai menjadi Diproses dengan ID = 23','http://www.serasansekate.pa-sekayu.go.id/akta-cerai'),(58,'2021-03-30 15:41:06','dukcapil','103.160.57.22','UPDATE','MERUBAH DATA  Akta Cerai dengan ID = 23','http://www.serasansekate.pa-sekayu.go.id/akta-cerai/proses'),(59,'2021-03-30 15:56:05','dukcapil','103.160.57.22','UPDATE','MENGGANTI STATUS  Akta Cerai menjadi Selesai dengan ID = 23','http://www.serasansekate.pa-sekayu.go.id/akta-cerai/proses'),(60,'2021-03-31 11:08:02','pengadilan','117.74.114.10','CREATE','MENAMBAH DATA  Akta Cerai dengan ID = 24','http://serasansekate.pa-sekayu.go.id/akta-cerai'),(61,'2021-03-31 11:48:01','dukcapil','103.160.57.22','UPDATE','MENGGANTI STATUS  Akta Cerai menjadi Dilihat dengan ID = 24','http://www.serasansekate.pa-sekayu.go.id/akta-cerai'),(62,'2021-03-31 11:48:04','dukcapil','103.160.57.22','UPDATE','MENGGANTI STATUS  Akta Cerai menjadi Diproses dengan ID = 24','http://www.serasansekate.pa-sekayu.go.id/akta-cerai'),(63,'2021-03-31 11:48:41','dukcapil','103.160.57.22','UPDATE','MERUBAH DATA  Akta Cerai dengan ID = 24','http://www.serasansekate.pa-sekayu.go.id/akta-cerai/proses'),(64,'2021-03-31 13:47:03','dukcapil','103.160.57.22','UPDATE','MENGGANTI STATUS  Akta Cerai menjadi Selesai dengan ID = 24','http://www.serasansekate.pa-sekayu.go.id/akta-cerai/proses'),(65,'2021-04-01 09:56:44','pengadilan','117.74.114.10','CREATE','MENAMBAH DATA  Akta Cerai dengan ID = 25','http://serasansekate.pa-sekayu.go.id/akta-cerai'),(66,'2021-04-01 11:43:56','dukcapil','103.160.57.22','UPDATE','MENGGANTI STATUS  Akta Cerai menjadi Dilihat dengan ID = 25','http://www.serasansekate.pa-sekayu.go.id/akta-cerai'),(67,'2021-04-01 11:43:59','dukcapil','103.160.57.22','UPDATE','MENGGANTI STATUS  Akta Cerai menjadi Diproses dengan ID = 25','http://www.serasansekate.pa-sekayu.go.id/akta-cerai'),(68,'2021-04-01 11:44:23','dukcapil','103.160.57.22','UPDATE','MERUBAH DATA  Akta Cerai dengan ID = 25','http://www.serasansekate.pa-sekayu.go.id/akta-cerai/proses'),(69,'2021-04-01 11:56:56','dukcapil','103.160.57.22','UPDATE','MENGGANTI STATUS  Akta Cerai menjadi Selesai dengan ID = 25','http://www.serasansekate.pa-sekayu.go.id/akta-cerai/proses'),(70,'2021-04-05 12:04:59','pengadilan','117.74.114.10','CREATE','MENAMBAH DATA  Akta Cerai dengan ID = 26','http://serasansekate.pa-sekayu.go.id/akta-cerai'),(71,'2021-04-05 16:22:01','dukcapil','103.160.57.22','UPDATE','MENGGANTI STATUS  Akta Cerai menjadi Dilihat dengan ID = 26','http://www.serasansekate.pa-sekayu.go.id/akta-cerai'),(72,'2021-04-05 16:22:10','dukcapil','103.160.57.22','UPDATE','MENGGANTI STATUS  Akta Cerai menjadi Diproses dengan ID = 26','http://www.serasansekate.pa-sekayu.go.id/akta-cerai'),(73,'2021-04-05 16:23:09','dukcapil','103.160.57.22','UPDATE','MERUBAH DATA  Akta Cerai dengan ID = 26','http://www.serasansekate.pa-sekayu.go.id/akta-cerai/proses'),(74,'2021-04-05 16:47:14','pengadilan','117.74.114.10','UPDATE','MENGGANTI STATUS  Akta Cerai menjadi Diterima dengan ID = 23','http://serasansekate.pa-sekayu.go.id/akta-cerai/selesai'),(75,'2021-04-05 16:51:34','admin','117.74.114.10','UPDATE','MENGGANTI STATUS  Akta Cerai menjadi Selesai dengan ID = 23','http://serasansekate.pa-sekayu.go.id/report'),(76,'2021-04-05 16:52:55','pengadilan','117.74.114.10','UPDATE','MENGGANTI STATUS  Akta Cerai menjadi Dikembalikan dengan ID = 22','http://serasansekate.pa-sekayu.go.id/akta-cerai/selesai'),(77,'2021-04-06 07:43:06','dukcapil','103.160.57.22','UPDATE','MENGGANTI STATUS  Akta Cerai menjadi Selesai dengan ID = 26','http://www.serasansekate.pa-sekayu.go.id/akta-cerai/proses'),(78,'2021-04-06 09:36:42','pengadilan','117.74.114.10','CREATE','MENAMBAH DATA  Akta Cerai dengan ID = 27','http://serasansekate.pa-sekayu.go.id/akta-cerai'),(79,'2021-04-06 10:02:39','dukcapil','103.160.57.22','UPDATE','MENGGANTI STATUS  Akta Cerai menjadi Dilihat dengan ID = 27','http://www.serasansekate.pa-sekayu.go.id/akta-cerai'),(80,'2021-04-06 10:02:41','dukcapil','103.160.57.22','UPDATE','MENGGANTI STATUS  Akta Cerai menjadi Diproses dengan ID = 27','http://www.serasansekate.pa-sekayu.go.id/akta-cerai'),(81,'2021-04-06 10:03:40','dukcapil','103.160.57.22','UPDATE','MERUBAH DATA  Akta Cerai dengan ID = 27','http://www.serasansekate.pa-sekayu.go.id/akta-cerai/proses'),(82,'2021-04-06 12:47:32','admin','117.74.114.10','UPDATE','MENGGANTI STATUS  Akta Cerai menjadi Belum Dilihat dengan ID = 27','http://serasansekate.pa-sekayu.go.id/report'),(83,'2021-04-06 12:48:31','dukcapil','117.74.114.10','UPDATE','MENGGANTI STATUS  Akta Cerai menjadi Dilihat dengan ID = 27','http://serasansekate.pa-sekayu.go.id/akta-cerai'),(84,'2021-04-06 12:48:55','dukcapil','117.74.114.10','UPDATE','MENGGANTI STATUS  Akta Cerai menjadi Diproses dengan ID = 27','http://serasansekate.pa-sekayu.go.id/akta-cerai'),(85,'2021-04-06 13:42:44','admin','117.74.114.10','UPDATE','MENGGANTI STATUS  Akta Cerai menjadi Selesai dengan ID = 24','http://serasansekate.pa-sekayu.go.id/report'),(86,'2021-04-06 14:00:50','dukcapil','103.160.57.22','UPDATE','MENGGANTI STATUS  Akta Cerai menjadi Selesai dengan ID = 27','http://www.serasansekate.pa-sekayu.go.id/akta-cerai/proses'),(87,'2021-04-07 16:38:40','pengadilan','117.74.114.10','CREATE','MENAMBAH DATA  Akta Cerai dengan ID = 28','http://serasansekate.pa-sekayu.go.id/akta-cerai'),(88,'2021-04-07 16:39:28','dukcapil','117.74.114.10','UPDATE','MENGGANTI STATUS  Akta Cerai menjadi Dilihat dengan ID = 28','http://serasansekate.pa-sekayu.go.id/akta-cerai'),(89,'2021-04-07 16:39:31','dukcapil','117.74.114.10','UPDATE','MENGGANTI STATUS  Akta Cerai menjadi Diproses dengan ID = 28','http://serasansekate.pa-sekayu.go.id/akta-cerai'),(90,'2021-04-07 16:40:02','dukcapil','117.74.114.10','UPDATE','MENGGANTI STATUS  Akta Cerai menjadi Selesai dengan ID = 28','http://serasansekate.pa-sekayu.go.id/akta-cerai/proses'),(91,'2021-04-09 11:12:28','pengadilan','117.74.114.10','CREATE','MENAMBAH DATA  Akta Cerai dengan ID = 29','http://serasansekate.pa-sekayu.go.id/akta-cerai'),(92,'2021-04-12 09:02:49','dukcapil','103.160.57.22','UPDATE','MENGGANTI STATUS  Akta Cerai menjadi Dilihat dengan ID = 29','http://www.serasansekate.pa-sekayu.go.id/akta-cerai'),(93,'2021-04-12 12:20:55','pengadilan','117.74.114.10','CREATE','MENAMBAH DATA  Akta Cerai dengan ID = 30','http://serasansekate.pa-sekayu.go.id/akta-cerai'),(94,'2021-04-13 10:35:26','pengadilan','117.74.114.10','CREATE','MENAMBAH DATA  Akta Cerai dengan ID = 31','http://serasansekate.pa-sekayu.go.id/akta-cerai'),(95,'2021-04-13 13:53:19','dukcapil','103.160.57.22','UPDATE','MENGGANTI STATUS  Akta Cerai menjadi Dilihat dengan ID = 30','http://www.serasansekate.pa-sekayu.go.id/akta-cerai'),(96,'2021-04-13 13:53:22','dukcapil','103.160.57.22','UPDATE','MENGGANTI STATUS  Akta Cerai menjadi Dilihat dengan ID = 31','http://www.serasansekate.pa-sekayu.go.id/akta-cerai'),(97,'2021-04-13 14:29:03','pengadilan','117.74.114.10','CREATE','MENAMBAH DATA  Akta Cerai dengan ID = 32','http://serasansekate.pa-sekayu.go.id/akta-cerai'),(98,'2021-04-14 08:53:57','dukcapil','103.160.57.22','UPDATE','MENGGANTI STATUS  Akta Cerai menjadi Diproses dengan ID = 30','http://www.serasansekate.pa-sekayu.go.id/akta-cerai'),(99,'2021-04-14 08:57:12','dukcapil','103.160.57.22','UPDATE','MERUBAH DATA  Akta Cerai dengan ID = 30','http://www.serasansekate.pa-sekayu.go.id/akta-cerai/proses'),(100,'2021-04-14 08:59:07','dukcapil','103.160.57.22','UPDATE','MENGGANTI STATUS  Akta Cerai menjadi Diproses dengan ID = 31','http://www.serasansekate.pa-sekayu.go.id/akta-cerai'),(101,'2021-04-14 09:02:28','dukcapil','103.160.57.22','UPDATE','MERUBAH DATA  Akta Cerai dengan ID = 31','http://www.serasansekate.pa-sekayu.go.id/akta-cerai/proses'),(102,'2021-04-14 09:02:36','dukcapil','103.160.57.22','UPDATE','MERUBAH DATA  Akta Cerai dengan ID = 30','http://www.serasansekate.pa-sekayu.go.id/akta-cerai/proses'),(103,'2021-04-14 09:03:28','dukcapil','103.160.57.22','UPDATE','MENGGANTI STATUS  Akta Cerai menjadi Dilihat dengan ID = 32','http://www.serasansekate.pa-sekayu.go.id/akta-cerai'),(104,'2021-04-14 09:03:45','dukcapil','103.160.57.22','UPDATE','MENGGANTI STATUS  Akta Cerai menjadi Diproses dengan ID = 32','http://www.serasansekate.pa-sekayu.go.id/akta-cerai'),(105,'2021-04-14 09:07:33','dukcapil','103.160.57.22','UPDATE','MERUBAH DATA  Akta Cerai dengan ID = 32','http://www.serasansekate.pa-sekayu.go.id/akta-cerai/proses'),(106,'2021-04-15 09:28:45','dukcapil','103.160.57.22','UPDATE','MENGGANTI STATUS  Akta Cerai menjadi Selesai dengan ID = 32','http://www.serasansekate.pa-sekayu.go.id/akta-cerai/proses'),(107,'2021-04-15 09:28:53','dukcapil','103.160.57.22','UPDATE','MENGGANTI STATUS  Akta Cerai menjadi Selesai dengan ID = 31','http://www.serasansekate.pa-sekayu.go.id/akta-cerai/proses'),(108,'2021-04-15 09:28:57','dukcapil','103.160.57.22','UPDATE','MENGGANTI STATUS  Akta Cerai menjadi Selesai dengan ID = 30','http://www.serasansekate.pa-sekayu.go.id/akta-cerai/proses'),(109,'2021-04-15 09:54:26','pengadilan','117.74.114.10','UPDATE','MENGGANTI STATUS  Akta Cerai menjadi Diterima dengan ID = 26','http://serasansekate.pa-sekayu.go.id/akta-cerai/selesai'),(110,'2021-04-15 13:14:04','pengadilan','117.74.114.10','CREATE','MENAMBAH DATA  Akta Cerai dengan ID = 33','http://serasansekate.pa-sekayu.go.id/akta-cerai'),(111,'2021-04-15 14:07:41','dukcapil','103.160.57.22','UPDATE','MENGGANTI STATUS  Akta Cerai menjadi Dilihat dengan ID = 33','http://www.serasansekate.pa-sekayu.go.id/akta-cerai'),(112,'2021-04-16 10:43:55','dukcapil','103.160.57.22','UPDATE','MENGGANTI STATUS  Akta Cerai menjadi Diproses dengan ID = 33','http://www.serasansekate.pa-sekayu.go.id/akta-cerai'),(113,'2021-04-16 10:44:48','dukcapil','103.160.57.22','UPDATE','MERUBAH DATA  Akta Cerai dengan ID = 33','http://www.serasansekate.pa-sekayu.go.id/akta-cerai/proses'),(114,'2021-04-16 11:12:29','pengadilan','117.74.114.10','CREATE','MENAMBAH DATA  Akta Cerai dengan ID = 34','http://serasansekate.pa-sekayu.go.id/akta-cerai'),(115,'2021-04-16 11:50:17','dukcapil','103.160.57.22','UPDATE','MENGGANTI STATUS  Akta Cerai menjadi Selesai dengan ID = 33','http://www.serasansekate.pa-sekayu.go.id/akta-cerai/proses'),(116,'2021-04-19 08:45:49','admin','117.74.114.10','UPDATE','MERUBAH DATA  User dengan ID = 7','http://serasansekate.pa-sekayu.go.id/user'),(117,'2021-04-19 09:30:11','dukcapil','103.160.57.22','UPDATE','MENGGANTI STATUS  Akta Cerai menjadi Dilihat dengan ID = 34','http://www.serasansekate.pa-sekayu.go.id/akta-cerai'),(118,'2021-04-19 09:30:21','dukcapil','103.160.57.22','UPDATE','MENGGANTI STATUS  Akta Cerai menjadi Diproses dengan ID = 34','http://www.serasansekate.pa-sekayu.go.id/akta-cerai'),(119,'2021-04-19 09:33:58','dukcapil','103.160.57.22','UPDATE','MERUBAH DATA  Akta Cerai dengan ID = 34','http://www.serasansekate.pa-sekayu.go.id/akta-cerai/proses'),(120,'2021-04-19 10:40:45','pengadilan','117.74.114.10','CREATE','MENAMBAH DATA  Akta Cerai dengan ID = 35','http://serasansekate.pa-sekayu.go.id/akta-cerai'),(121,'2021-04-19 11:47:18','dukcapil','103.160.57.22','UPDATE','MENGGANTI STATUS  Akta Cerai menjadi Selesai dengan ID = 34','http://www.serasansekate.pa-sekayu.go.id/akta-cerai/proses'),(122,'2021-04-19 11:50:01','dukcapil','103.160.57.22','UPDATE','MENGGANTI STATUS  Akta Cerai menjadi Dilihat dengan ID = 35','http://www.serasansekate.pa-sekayu.go.id/akta-cerai'),(123,'2021-04-19 14:04:42','pengadilan','117.74.114.10','UPDATE','MENGGANTI STATUS  Akta Cerai menjadi Diterima dengan ID = 32','http://serasansekate.pa-sekayu.go.id/akta-cerai/selesai'),(124,'2021-04-20 09:53:20','dukcapil','103.160.57.22','UPDATE','MENGGANTI STATUS  Akta Cerai menjadi Diproses dengan ID = 35','http://www.serasansekate.pa-sekayu.go.id/akta-cerai'),(125,'2021-04-20 12:30:43','dukcapil','103.160.57.22','UPDATE','MENGGANTI STATUS  Akta Cerai menjadi Selesai dengan ID = 35','http://www.serasansekate.pa-sekayu.go.id/akta-cerai/proses'),(126,'2021-04-22 08:50:00','pengadilan','117.74.114.10','UPDATE','MENGGANTI STATUS  Akta Cerai menjadi Diterima dengan ID = 27','http://serasansekate.pa-sekayu.go.id/akta-cerai/selesai'),(127,'2021-04-22 11:02:00','pengadilan','117.74.114.10','UPDATE','MENGGANTI STATUS  Akta Cerai menjadi Diterima dengan ID = 30','https://serasansekate.pa-sekayu.go.id/akta-cerai/selesai'),(128,'2021-04-26 08:11:55','pengadilan','117.74.114.10','UPDATE','MENGGANTI STATUS  Akta Cerai menjadi Diterima dengan ID = 34','https://serasansekate.pa-sekayu.go.id/akta-cerai/selesai'),(129,'2021-04-27 07:20:53','pengadilan','117.74.114.10','UPDATE','MENGGANTI STATUS  Akta Cerai menjadi Diterima dengan ID = 35','https://serasansekate.pa-sekayu.go.id/akta-cerai/selesai'),(130,'2021-04-28 12:22:51','pengadilan','117.74.114.10','CREATE','MENAMBAH DATA  Akta Cerai dengan ID = 36','https://serasansekate.pa-sekayu.go.id/akta-cerai'),(131,'2021-04-28 13:31:00','pengadilan','117.74.114.10','DELETE','MENGHAPUS DATA  Akta Cerai dengan ID = 29','https://serasansekate.pa-sekayu.go.id/akta-cerai'),(132,'2021-04-29 10:59:31','pengadilan','117.74.114.10','CREATE','MENAMBAH DATA  Akta Cerai dengan ID = 37','https://serasansekate.pa-sekayu.go.id/akta-cerai'),(133,'2021-04-29 11:09:28','pengadilan','117.74.114.10','CREATE','MENAMBAH DATA  Akta Cerai dengan ID = 38','https://serasansekate.pa-sekayu.go.id/akta-cerai'),(134,'2021-04-29 12:54:35','dukcapil','103.160.57.22','UPDATE','MENGGANTI STATUS  Akta Cerai menjadi Dilihat dengan ID = 38','https://www.serasansekate.pa-sekayu.go.id/akta-cerai'),(135,'2021-04-29 12:59:29','dukcapil','103.160.57.22','UPDATE','MENGGANTI STATUS  Akta Cerai menjadi Diproses dengan ID = 38','https://www.serasansekate.pa-sekayu.go.id/akta-cerai'),(136,'2021-04-29 13:02:13','dukcapil','103.160.57.22','UPDATE','MENGGANTI STATUS  Akta Cerai menjadi Dilihat dengan ID = 37','https://www.serasansekate.pa-sekayu.go.id/akta-cerai'),(137,'2021-04-29 13:02:16','dukcapil','103.160.57.22','UPDATE','MENGGANTI STATUS  Akta Cerai menjadi Diproses dengan ID = 37','https://www.serasansekate.pa-sekayu.go.id/akta-cerai'),(138,'2021-04-29 13:02:36','dukcapil','103.160.57.22','UPDATE','MERUBAH DATA  Akta Cerai dengan ID = 37','https://www.serasansekate.pa-sekayu.go.id/akta-cerai/proses'),(139,'2021-04-29 13:06:37','dukcapil','103.160.57.22','UPDATE','MENGGANTI STATUS  Akta Cerai menjadi Dilihat dengan ID = 36','https://www.serasansekate.pa-sekayu.go.id/akta-cerai'),(140,'2021-04-29 13:06:39','dukcapil','103.160.57.22','UPDATE','MENGGANTI STATUS  Akta Cerai menjadi Diproses dengan ID = 36','https://www.serasansekate.pa-sekayu.go.id/akta-cerai'),(141,'2021-04-29 13:07:00','dukcapil','103.160.57.22','UPDATE','MERUBAH DATA  Akta Cerai dengan ID = 36','https://www.serasansekate.pa-sekayu.go.id/akta-cerai/proses'),(142,'2021-04-29 15:19:04','dukcapil','103.160.57.22','UPDATE','MENGGANTI STATUS  Akta Cerai menjadi Selesai dengan ID = 36','https://www.serasansekate.pa-sekayu.go.id/akta-cerai/proses'),(143,'2021-04-29 15:19:08','dukcapil','103.160.57.22','UPDATE','MENGGANTI STATUS  Akta Cerai menjadi Selesai dengan ID = 37','https://www.serasansekate.pa-sekayu.go.id/akta-cerai/proses'),(144,'2021-04-29 15:19:11','dukcapil','103.160.57.22','UPDATE','MENGGANTI STATUS  Akta Cerai menjadi Selesai dengan ID = 38','https://www.serasansekate.pa-sekayu.go.id/akta-cerai/proses'),(145,'2021-05-04 09:26:03','pengadilan','117.74.114.10','UPDATE','MENGGANTI STATUS  Akta Cerai menjadi Diterima dengan ID = 36','https://serasansekate.pa-sekayu.go.id/akta-cerai/selesai'),(146,'2021-05-04 11:35:01','pengadilan','117.74.114.10','UPDATE','MENGGANTI STATUS  Akta Cerai menjadi Diterima dengan ID = 37','https://serasansekate.pa-sekayu.go.id/akta-cerai/selesai'),(147,'2021-05-04 12:55:25','pengadilan','117.74.114.10','UPDATE','MENGGANTI STATUS  Akta Cerai menjadi Diterima dengan ID = 24','https://serasansekate.pa-sekayu.go.id/akta-cerai/selesai'),(148,'2021-05-04 13:08:23','pengadilan','117.74.114.10','UPDATE','MENGGANTI STATUS  Akta Cerai menjadi Diterima dengan ID = 23','https://serasansekate.pa-sekayu.go.id/akta-cerai/selesai'),(149,'2021-05-10 09:09:22','pengadilan','117.74.114.10','UPDATE','MENGGANTI STATUS  Akta Cerai menjadi Diterima dengan ID = 38','https://serasansekate.pa-sekayu.go.id/akta-cerai/selesai'),(150,'2021-05-18 07:51:44','pengadilan','117.74.114.10','CREATE','MENAMBAH DATA  Akta Cerai dengan ID = 39','https://serasansekate.pa-sekayu.go.id/akta-cerai'),(151,'2021-05-18 07:56:09','pengadilan','117.74.114.10','CREATE','MENAMBAH DATA  Akta Cerai dengan ID = 40','https://serasansekate.pa-sekayu.go.id/akta-cerai'),(152,'2021-05-18 09:44:02','dukcapil','103.160.57.22','UPDATE','MENGGANTI STATUS  Akta Cerai menjadi Dilihat dengan ID = 40','https://www.serasansekate.pa-sekayu.go.id/akta-cerai'),(153,'2021-05-18 09:44:05','dukcapil','103.160.57.22','UPDATE','MENGGANTI STATUS  Akta Cerai menjadi Diproses dengan ID = 40','https://www.serasansekate.pa-sekayu.go.id/akta-cerai'),(154,'2021-05-18 09:45:50','dukcapil','103.160.57.22','UPDATE','MERUBAH DATA  Akta Cerai dengan ID = 40','https://www.serasansekate.pa-sekayu.go.id/akta-cerai/proses'),(155,'2021-05-18 09:49:42','dukcapil','103.160.57.22','UPDATE','MENGGANTI STATUS  Akta Cerai menjadi Dilihat dengan ID = 39','https://www.serasansekate.pa-sekayu.go.id/akta-cerai'),(156,'2021-05-18 09:49:44','dukcapil','103.160.57.22','UPDATE','MENGGANTI STATUS  Akta Cerai menjadi Diproses dengan ID = 39','https://www.serasansekate.pa-sekayu.go.id/akta-cerai'),(157,'2021-05-18 09:50:22','dukcapil','103.160.57.22','UPDATE','MERUBAH DATA  Akta Cerai dengan ID = 39','https://www.serasansekate.pa-sekayu.go.id/akta-cerai/proses'),(158,'2021-05-18 15:00:05','pengadilan','117.74.114.10','CREATE','MENAMBAH DATA  Akta Cerai dengan ID = 41','https://serasansekate.pa-sekayu.go.id/akta-cerai'),(159,'2021-05-19 10:42:22','pengadilan','117.74.114.10','CREATE','MENAMBAH DATA  Akta Cerai dengan ID = 42','https://serasansekate.pa-sekayu.go.id/akta-cerai'),(160,'2021-05-19 10:44:14','dukcapil','103.160.57.22','UPDATE','MENGGANTI STATUS  Akta Cerai menjadi Dilihat dengan ID = 42','https://www.serasansekate.pa-sekayu.go.id/akta-cerai'),(161,'2021-05-19 10:46:44','dukcapil','103.160.57.22','UPDATE','MENGGANTI STATUS  Akta Cerai menjadi Diproses dengan ID = 42','https://www.serasansekate.pa-sekayu.go.id/akta-cerai'),(162,'2021-05-19 10:47:39','dukcapil','103.160.57.22','UPDATE','MENGGANTI STATUS  Akta Cerai menjadi Dilihat dengan ID = 41','https://www.serasansekate.pa-sekayu.go.id/akta-cerai'),(163,'2021-05-19 10:49:17','dukcapil','103.160.57.22','UPDATE','MENGGANTI STATUS  Akta Cerai menjadi Diproses dengan ID = 41','https://www.serasansekate.pa-sekayu.go.id/akta-cerai'),(164,'2021-05-19 10:50:00','dukcapil','103.160.57.22','UPDATE','MERUBAH DATA  Akta Cerai dengan ID = 41','https://www.serasansekate.pa-sekayu.go.id/akta-cerai/proses'),(165,'2021-05-19 10:50:49','dukcapil','103.160.57.22','UPDATE','MERUBAH DATA  Akta Cerai dengan ID = 42','https://www.serasansekate.pa-sekayu.go.id/akta-cerai/proses'),(166,'2021-05-19 10:51:18','dukcapil','103.160.57.22','UPDATE','MENGGANTI STATUS  Akta Cerai menjadi Selesai dengan ID = 40','https://www.serasansekate.pa-sekayu.go.id/akta-cerai/proses'),(167,'2021-05-19 10:51:31','dukcapil','103.160.57.22','UPDATE','MENGGANTI STATUS  Akta Cerai menjadi Selesai dengan ID = 39','https://www.serasansekate.pa-sekayu.go.id/akta-cerai/proses'),(168,'2021-05-24 09:35:02','pengadilan','117.74.114.10','CREATE','MENAMBAH DATA  Akta Cerai dengan ID = 43','https://serasansekate.pa-sekayu.go.id/akta-cerai'),(169,'2021-05-24 11:58:15','pengadilan','117.74.114.10','CREATE','MENAMBAH DATA  Akta Cerai dengan ID = 44','https://serasansekate.pa-sekayu.go.id/akta-cerai'),(170,'2021-05-24 12:03:58','pengadilan','117.74.114.10','CREATE','MENAMBAH DATA  Akta Cerai dengan ID = 45','https://serasansekate.pa-sekayu.go.id/akta-cerai'),(171,'2021-05-24 16:31:22','dukcapil','103.160.57.22','UPDATE','MENGGANTI STATUS  Akta Cerai menjadi Selesai dengan ID = ','https://www.serasansekate.pa-sekayu.go.id/akta-cerai/proses'),(172,'2021-05-24 16:31:36','dukcapil','103.160.57.22','UPDATE','MENGGANTI STATUS  Akta Cerai menjadi Selesai dengan ID = 42','https://www.serasansekate.pa-sekayu.go.id/akta-cerai/proses'),(173,'2021-05-24 16:32:34','dukcapil','103.160.57.22','UPDATE','MENGGANTI STATUS  Akta Cerai menjadi Selesai dengan ID = 41','https://www.serasansekate.pa-sekayu.go.id/akta-cerai/proses'),(174,'2021-05-25 08:30:16','dukcapil','103.160.57.22','UPDATE','MENGGANTI STATUS  Akta Cerai menjadi Dilihat dengan ID = 45','https://www.serasansekate.pa-sekayu.go.id/akta-cerai'),(175,'2021-05-25 08:31:35','dukcapil','103.160.57.22','UPDATE','MENGGANTI STATUS  Akta Cerai menjadi Diproses dengan ID = 45','https://www.serasansekate.pa-sekayu.go.id/akta-cerai'),(176,'2021-05-25 08:32:33','dukcapil','103.160.57.22','UPDATE','MENGGANTI STATUS  Akta Cerai menjadi Dilihat dengan ID = 44','https://www.serasansekate.pa-sekayu.go.id/akta-cerai'),(177,'2021-05-25 08:34:06','dukcapil','103.160.57.22','UPDATE','MENGGANTI STATUS  Akta Cerai menjadi Diproses dengan ID = 44','https://www.serasansekate.pa-sekayu.go.id/akta-cerai'),(178,'2021-05-25 08:34:31','dukcapil','103.160.57.22','UPDATE','MERUBAH DATA  Akta Cerai dengan ID = 44','https://www.serasansekate.pa-sekayu.go.id/akta-cerai/proses'),(179,'2021-05-25 08:34:55','dukcapil','103.160.57.22','UPDATE','MENGGANTI STATUS  Akta Cerai menjadi Dilihat dengan ID = 43','https://www.serasansekate.pa-sekayu.go.id/akta-cerai'),(180,'2021-05-25 08:35:42','dukcapil','103.160.57.22','UPDATE','MENGGANTI STATUS  Akta Cerai menjadi Diproses dengan ID = 43','https://www.serasansekate.pa-sekayu.go.id/akta-cerai'),(181,'2021-05-25 08:36:37','dukcapil','103.160.57.22','UPDATE','MERUBAH DATA  Akta Cerai dengan ID = 43','https://www.serasansekate.pa-sekayu.go.id/akta-cerai/proses'),(182,'2021-05-25 16:01:11','dukcapil','103.160.57.22','UPDATE','MENGGANTI STATUS  Akta Cerai menjadi Selesai dengan ID = 43','https://www.serasansekate.pa-sekayu.go.id/akta-cerai/proses'),(183,'2021-05-25 16:01:23','dukcapil','103.160.57.22','UPDATE','MENGGANTI STATUS  Akta Cerai menjadi Selesai dengan ID = ','https://www.serasansekate.pa-sekayu.go.id/akta-cerai/proses'),(184,'2021-05-25 16:01:34','dukcapil','103.160.57.22','UPDATE','MENGGANTI STATUS  Akta Cerai menjadi Selesai dengan ID = 44','https://www.serasansekate.pa-sekayu.go.id/akta-cerai/proses'),(185,'2021-05-25 16:01:40','dukcapil','103.160.57.22','UPDATE','MENGGANTI STATUS  Akta Cerai menjadi Selesai dengan ID = 45','https://www.serasansekate.pa-sekayu.go.id/akta-cerai/proses'),(186,'2021-05-27 10:14:36','pengadilan','117.74.114.10','UPDATE','MENGGANTI STATUS  Akta Cerai menjadi Diterima dengan ID = 41','https://serasansekate.pa-sekayu.go.id/akta-cerai/selesai'),(187,'2021-06-02 10:15:56','pengadilan','117.74.114.10','UPDATE','MENGGANTI STATUS  Akta Cerai menjadi Diterima dengan ID = 39','https://serasansekate.pa-sekayu.go.id/akta-cerai/selesai'),(188,'2021-06-04 07:35:44','pengadilan','117.74.114.10','CREATE','MENAMBAH DATA  Akta Cerai dengan ID = 46','https://serasansekate.pa-sekayu.go.id/akta-cerai'),(189,'2021-06-04 08:24:53','pengadilan','117.74.114.10','UPDATE','MENGGANTI STATUS  Akta Cerai menjadi Diterima dengan ID = 43','https://serasansekate.pa-sekayu.go.id/akta-cerai/selesai'),(190,'2021-06-04 10:49:39','pengadilan','117.74.114.10','UPDATE','MENGGANTI STATUS  Akta Cerai menjadi Diterima dengan ID = 42','https://serasansekate.pa-sekayu.go.id/akta-cerai/selesai'),(191,'2021-06-07 10:00:15','pengadilan','117.74.114.10','UPDATE','MENGGANTI STATUS  Akta Cerai menjadi Diterima dengan ID = 45','https://serasansekate.pa-sekayu.go.id/akta-cerai/selesai'),(192,'2021-06-07 10:00:58','dukcapil','103.160.57.22','UPDATE','MENGGANTI STATUS  Akta Cerai menjadi Dilihat dengan ID = 46','https://www.serasansekate.pa-sekayu.go.id/akta-cerai'),(193,'2021-06-07 10:01:00','dukcapil','103.160.57.22','UPDATE','MENGGANTI STATUS  Akta Cerai menjadi Diproses dengan ID = 46','https://www.serasansekate.pa-sekayu.go.id/akta-cerai'),(194,'2021-06-10 13:39:04','pengadilan','117.74.114.10','CREATE','MENAMBAH DATA  Akta Cerai dengan ID = 47','https://serasansekate.pa-sekayu.go.id/akta-cerai'),(195,'2021-06-11 14:47:49','dukcapil','103.160.57.22','UPDATE','MERUBAH DATA  Akta Cerai dengan ID = 46','https://serasansekate.pa-sekayu.go.id/akta-cerai/proses'),(196,'2021-06-11 14:49:23','dukcapil','103.160.57.22','UPDATE','MENGGANTI STATUS  Akta Cerai menjadi Dilihat dengan ID = 47','https://serasansekate.pa-sekayu.go.id/akta-cerai'),(197,'2021-06-11 14:49:25','dukcapil','103.160.57.22','UPDATE','MENGGANTI STATUS  Akta Cerai menjadi Diproses dengan ID = 47','https://serasansekate.pa-sekayu.go.id/akta-cerai'),(198,'2021-06-11 14:52:55','dukcapil','103.160.57.22','UPDATE','MERUBAH DATA  Akta Cerai dengan ID = 47','https://serasansekate.pa-sekayu.go.id/akta-cerai/proses'),(199,'2021-06-11 16:07:14','dukcapil','103.160.57.22','UPDATE','MENGGANTI STATUS  Akta Cerai menjadi Selesai dengan ID = 47','https://serasansekate.pa-sekayu.go.id/akta-cerai/proses'),(200,'2021-06-11 16:07:18','dukcapil','103.160.57.22','UPDATE','MENGGANTI STATUS  Akta Cerai menjadi Selesai dengan ID = 46','https://serasansekate.pa-sekayu.go.id/akta-cerai/proses'),(201,'2021-06-14 14:56:17','pengadilan','117.74.114.10','UPDATE','MENGGANTI STATUS  Akta Cerai menjadi Diterima dengan ID = 40','https://serasansekate.pa-sekayu.go.id/akta-cerai/selesai'),(202,'2021-06-15 13:10:07','pengadilan','117.74.114.10','UPDATE','MENGGANTI STATUS  Akta Cerai menjadi Diterima dengan ID = 47','https://serasansekate.pa-sekayu.go.id/akta-cerai/selesai'),(203,'2021-06-16 09:26:26','pengadilan','117.74.114.10','UPDATE','MENGGANTI STATUS  Akta Cerai menjadi Diterima dengan ID = 31','https://serasansekate.pa-sekayu.go.id/akta-cerai/selesai'),(204,'2021-06-16 16:12:11','pengadilan','117.74.114.10','CREATE','MENAMBAH DATA  Akta Cerai dengan ID = 48','https://serasansekate.pa-sekayu.go.id/akta-cerai'),(205,'2021-06-18 10:08:33','pengadilan','117.74.114.10','CREATE','MENAMBAH DATA  Akta Cerai dengan ID = 49','https://serasansekate.pa-sekayu.go.id/akta-cerai'),(206,'2021-06-18 10:53:12','pengadilan','117.74.114.10','CREATE','MENAMBAH DATA  Akta Cerai dengan ID = 50','https://serasansekate.pa-sekayu.go.id/akta-cerai'),(207,'2021-06-22 08:55:26','dukcapil','103.160.57.22','UPDATE','MENGGANTI STATUS  Akta Cerai menjadi Dilihat dengan ID = 50','https://serasansekate.pa-sekayu.go.id/akta-cerai'),(208,'2021-06-22 08:55:28','dukcapil','103.160.57.22','UPDATE','MENGGANTI STATUS  Akta Cerai menjadi Diproses dengan ID = 50','https://serasansekate.pa-sekayu.go.id/akta-cerai'),(209,'2021-06-22 08:56:23','dukcapil','103.160.57.22','UPDATE','MERUBAH DATA  Akta Cerai dengan ID = 50','https://serasansekate.pa-sekayu.go.id/akta-cerai/proses'),(210,'2021-06-22 08:59:02','dukcapil','103.160.57.22','UPDATE','MENGGANTI STATUS  Akta Cerai menjadi Dilihat dengan ID = 49','https://serasansekate.pa-sekayu.go.id/akta-cerai'),(211,'2021-06-22 08:59:53','dukcapil','103.160.57.22','UPDATE','MENGGANTI STATUS  Akta Cerai menjadi Diproses dengan ID = 49','https://serasansekate.pa-sekayu.go.id/akta-cerai'),(212,'2021-06-22 09:00:53','dukcapil','103.160.57.22','UPDATE','MERUBAH DATA  Akta Cerai dengan ID = 49','https://serasansekate.pa-sekayu.go.id/akta-cerai/proses'),(213,'2021-06-22 09:04:02','dukcapil','103.160.57.22','UPDATE','MENGGANTI STATUS  Akta Cerai menjadi Dilihat dengan ID = 48','https://serasansekate.pa-sekayu.go.id/akta-cerai'),(214,'2021-06-22 09:04:08','dukcapil','103.160.57.22','UPDATE','MENGGANTI STATUS  Akta Cerai menjadi Diproses dengan ID = 48','https://serasansekate.pa-sekayu.go.id/akta-cerai'),(215,'2021-06-22 09:06:02','dukcapil','103.160.57.22','UPDATE','MERUBAH DATA  Akta Cerai dengan ID = 48','https://serasansekate.pa-sekayu.go.id/akta-cerai/proses'),(216,'2021-06-22 11:07:23','dukcapil','103.160.57.22','UPDATE','MENGGANTI STATUS  Akta Cerai menjadi Selesai dengan ID = 48','https://serasansekate.pa-sekayu.go.id/akta-cerai/proses'),(217,'2021-06-22 11:07:27','dukcapil','103.160.57.22','UPDATE','MENGGANTI STATUS  Akta Cerai menjadi Selesai dengan ID = 49','https://serasansekate.pa-sekayu.go.id/akta-cerai/proses'),(218,'2021-06-22 11:07:30','dukcapil','103.160.57.22','UPDATE','MENGGANTI STATUS  Akta Cerai menjadi Selesai dengan ID = 50','https://serasansekate.pa-sekayu.go.id/akta-cerai/proses'),(219,'2021-06-23 09:06:32','pengadilan','117.74.114.10','CREATE','MENAMBAH DATA  Akta Cerai dengan ID = 51','https://serasansekate.pa-sekayu.go.id/akta-cerai'),(220,'2021-06-23 09:34:11','dukcapil','103.160.57.22','UPDATE','MENGGANTI STATUS  Akta Cerai menjadi Dilihat dengan ID = 51','https://serasansekate.pa-sekayu.go.id/akta-cerai'),(221,'2021-06-23 09:34:17','dukcapil','103.160.57.22','UPDATE','MENGGANTI STATUS  Akta Cerai menjadi Diproses dengan ID = 51','https://serasansekate.pa-sekayu.go.id/akta-cerai'),(222,'2021-06-23 09:34:42','dukcapil','103.160.57.22','UPDATE','MERUBAH DATA  Akta Cerai dengan ID = 51','https://serasansekate.pa-sekayu.go.id/akta-cerai/proses'),(223,'2021-06-28 09:07:54','dukcapil','103.160.57.22','UPDATE','MENGGANTI STATUS  Akta Cerai menjadi Selesai dengan ID = 51','https://serasansekate.pa-sekayu.go.id/akta-cerai/proses'),(224,'2021-06-28 14:08:30','pengadilan','117.74.114.10','CREATE','MENAMBAH DATA  Akta Cerai dengan ID = 52','https://serasansekate.pa-sekayu.go.id/akta-cerai'),(225,'2021-06-30 10:53:00','pengadilan','117.74.114.10','UPDATE','MENGGANTI STATUS  Akta Cerai menjadi Diterima dengan ID = 25','https://serasansekate.pa-sekayu.go.id/akta-cerai/selesai'),(226,'2021-07-01 08:35:31','dukcapil','103.160.57.22','UPDATE','MENGGANTI STATUS  Akta Cerai menjadi Dilihat dengan ID = 52','https://serasansekate.pa-sekayu.go.id/akta-cerai'),(227,'2021-07-01 08:35:33','dukcapil','103.160.57.22','UPDATE','MENGGANTI STATUS  Akta Cerai menjadi Diproses dengan ID = 52','https://serasansekate.pa-sekayu.go.id/akta-cerai'),(228,'2021-07-01 08:35:50','dukcapil','103.160.57.22','UPDATE','MERUBAH DATA  Akta Cerai dengan ID = 52','https://serasansekate.pa-sekayu.go.id/akta-cerai/proses'),(229,'2021-07-05 08:33:02','pengadilan','117.74.114.10','UPDATE','MENGGANTI STATUS  Akta Cerai menjadi Diterima dengan ID = 49','https://serasansekate.pa-sekayu.go.id/akta-cerai/selesai'),(230,'2021-07-05 10:51:38','pengadilan','117.74.114.10','CREATE','MENAMBAH DATA  Akta Cerai dengan ID = 53','https://serasansekate.pa-sekayu.go.id/akta-cerai'),(231,'2021-07-06 09:08:50','dukcapil','103.160.57.22','UPDATE','MENGGANTI STATUS  Akta Cerai menjadi Dilihat dengan ID = 53','https://serasansekate.pa-sekayu.go.id/akta-cerai'),(232,'2021-07-06 09:08:52','dukcapil','103.160.57.22','UPDATE','MENGGANTI STATUS  Akta Cerai menjadi Diproses dengan ID = 53','https://serasansekate.pa-sekayu.go.id/akta-cerai'),(233,'2021-07-06 09:09:08','dukcapil','103.160.57.22','UPDATE','MERUBAH DATA  Akta Cerai dengan ID = 53','https://serasansekate.pa-sekayu.go.id/akta-cerai/proses'),(234,'2021-07-07 13:05:39','dukcapil','103.160.57.22','UPDATE','MENGGANTI STATUS  Akta Cerai menjadi Selesai dengan ID = 53','https://serasansekate.pa-sekayu.go.id/akta-cerai/proses'),(235,'2021-07-07 13:05:42','dukcapil','103.160.57.22','UPDATE','MENGGANTI STATUS  Akta Cerai menjadi Selesai dengan ID = 52','https://serasansekate.pa-sekayu.go.id/akta-cerai/proses'),(236,'2021-07-07 14:35:55','pengadilan','117.74.114.10','UPDATE','MENGGANTI STATUS  Akta Cerai menjadi Diterima dengan ID = 46','https://serasansekate.pa-sekayu.go.id/akta-cerai/selesai'),(237,'2021-07-07 16:20:40','pengadilan','117.74.114.10','UPDATE','MENGGANTI STATUS  Akta Cerai menjadi Diterima dengan ID = 48','https://serasansekate.pa-sekayu.go.id/akta-cerai/selesai'),(238,'2021-07-09 08:37:39','pengadilan','117.74.114.10','UPDATE','MENGGANTI STATUS  Akta Cerai menjadi Diterima dengan ID = 50','https://serasansekate.pa-sekayu.go.id/akta-cerai/selesai'),(239,'2021-07-12 15:26:11','pengadilan','117.74.114.10','CREATE','MENAMBAH DATA  Akta Cerai dengan ID = 54','https://serasansekate.pa-sekayu.go.id/akta-cerai'),(240,'2021-08-24 10:11:16','pengadilan','117.74.114.10','UPDATE','MENGGANTI STATUS  Akta Cerai menjadi Diterima dengan ID = ','https://serasansekate.pa-sekayu.go.id/akta-cerai/selesai'),(241,'2021-08-24 10:11:55','pengadilan','117.74.114.10','UPDATE','MENGGANTI STATUS  Akta Cerai menjadi Diterima dengan ID = 53','https://serasansekate.pa-sekayu.go.id/akta-cerai/selesai'),(242,'2021-08-26 10:38:17','pengadilan','117.74.114.10','UPDATE','MENGGANTI STATUS  Akta Cerai menjadi Diterima dengan ID = 44','https://serasansekate.pa-sekayu.go.id/akta-cerai/selesai'),(243,'2021-09-07 11:15:01','pengadilan','117.74.114.10','UPDATE','MENGGANTI STATUS  Akta Cerai menjadi Diterima dengan ID = 52','https://serasansekate.pa-sekayu.go.id/akta-cerai/selesai'),(244,'2021-09-15 13:03:44','pengadilan','117.74.114.10','CREATE','MENAMBAH DATA  Akta Cerai dengan ID = 55','https://serasansekate.pa-sekayu.go.id/akta-cerai'),(245,'2021-09-15 13:11:24','pengadilan','117.74.114.10','CREATE','MENAMBAH DATA  Akta Cerai dengan ID = 56','https://serasansekate.pa-sekayu.go.id/akta-cerai'),(246,'2021-09-15 13:29:51','pengadilan','117.74.114.10','CREATE','MENAMBAH DATA  Akta Cerai dengan ID = 57','https://serasansekate.pa-sekayu.go.id/akta-cerai'),(247,'2021-09-23 08:49:23','dukcapil','103.160.57.22','UPDATE','MENGGANTI STATUS  Akta Cerai menjadi Dilihat dengan ID = 54','https://serasansekate.pa-sekayu.go.id/akta-cerai'),(248,'2021-09-23 08:49:25','dukcapil','103.160.57.22','UPDATE','MENGGANTI STATUS  Akta Cerai menjadi Diproses dengan ID = 54','https://serasansekate.pa-sekayu.go.id/akta-cerai'),(249,'2021-09-23 08:49:38','dukcapil','103.160.57.22','UPDATE','MERUBAH DATA  Akta Cerai dengan ID = 54','https://serasansekate.pa-sekayu.go.id/akta-cerai/proses'),(250,'2021-09-23 08:52:39','dukcapil','103.160.57.22','UPDATE','MENGGANTI STATUS  Akta Cerai menjadi Dilihat dengan ID = 55','https://serasansekate.pa-sekayu.go.id/akta-cerai'),(251,'2021-09-23 08:52:40','dukcapil','103.160.57.22','UPDATE','MENGGANTI STATUS  Akta Cerai menjadi Diproses dengan ID = 55','https://serasansekate.pa-sekayu.go.id/akta-cerai'),(252,'2021-09-23 08:53:07','dukcapil','103.160.57.22','UPDATE','MERUBAH DATA  Akta Cerai dengan ID = 55','https://serasansekate.pa-sekayu.go.id/akta-cerai/proses'),(253,'2021-09-28 21:43:34','pengadilan','117.74.114.10','UPDATE','MENGGANTI STATUS  Akta Cerai menjadi Diterima dengan ID = 28','https://serasansekate.pa-sekayu.go.id/akta-cerai/selesai'),(254,'2021-09-28 21:43:35','pengadilan','117.74.114.10','UPDATE','MENGGANTI STATUS  Akta Cerai menjadi Diterima dengan ID = 28','https://serasansekate.pa-sekayu.go.id/akta-cerai/selesai'),(255,'2021-11-30 09:00:55','pengadilan','117.74.114.10','CREATE','MENAMBAH DATA  Data Permohonan dengan ID = 58','https://serasansekate.pa-sekayu.go.id/akta-cerai'),(256,'2021-11-30 09:01:05','pengadilan','117.74.114.10','DELETE','MENGHAPUS DATA  Data Permohonan dengan ID = 58','https://serasansekate.pa-sekayu.go.id/akta-cerai'),(257,'2021-11-30 09:39:02','pengadilan','117.74.114.10','CREATE','MENAMBAH DATA  Data Permohonan dengan ID = 59','https://serasansekate.pa-sekayu.go.id/akta-cerai'),(258,'2021-11-30 10:19:17','pengadilan','117.74.114.10','CREATE','MENAMBAH DATA  Data Permohonan dengan ID = 60','https://serasansekate.pa-sekayu.go.id/akta-cerai'),(259,'2021-11-30 11:21:51','pengadilan','117.74.114.10','CREATE','MENAMBAH DATA  Data Permohonan dengan ID = 61','https://serasansekate.pa-sekayu.go.id/akta-cerai'),(260,'2021-11-30 11:48:14','pengadilan','117.74.114.10','CREATE','MENAMBAH DATA  Data Permohonan dengan ID = 62','https://serasansekate.pa-sekayu.go.id/akta-cerai'),(261,'2021-11-30 12:45:09','pengadilan','117.74.114.10','CREATE','MENAMBAH DATA  Data Permohonan dengan ID = 63','https://serasansekate.pa-sekayu.go.id/akta-cerai'),(262,'2021-12-13 08:57:37','dukcapil','103.160.57.22','UPDATE','MENGGANTI STATUS  Data Permohonan menjadi Dilihat dengan ID = 63','https://serasansekate.pa-sekayu.go.id/akta-cerai'),(263,'2021-12-13 08:59:48','dukcapil','103.160.57.22','UPDATE','MENGGANTI STATUS  Data Permohonan menjadi Diproses dengan ID = 63','https://serasansekate.pa-sekayu.go.id/akta-cerai'),(264,'2021-12-13 09:00:15','dukcapil','103.160.57.22','UPDATE','MERUBAH DATA  Data Permohonan dengan ID = 63','https://serasansekate.pa-sekayu.go.id/akta-cerai/proses'),(265,'2021-12-13 09:03:38','dukcapil','103.160.57.22','UPDATE','MENGGANTI STATUS  Data Permohonan menjadi Dilihat dengan ID = 61','https://serasansekate.pa-sekayu.go.id/akta-cerai'),(266,'2021-12-13 09:21:30','dukcapil','103.160.57.22','UPDATE','MENGGANTI STATUS  Data Permohonan menjadi Diproses dengan ID = 61','https://serasansekate.pa-sekayu.go.id/akta-cerai'),(267,'2021-12-13 09:21:44','dukcapil','103.160.57.22','UPDATE','MERUBAH DATA  Data Permohonan dengan ID = 61','https://serasansekate.pa-sekayu.go.id/akta-cerai/proses'),(268,'2021-12-13 09:31:54','dukcapil','103.160.57.22','UPDATE','MENGGANTI STATUS  Data Permohonan menjadi Dilihat dengan ID = 60','https://serasansekate.pa-sekayu.go.id/akta-cerai'),(269,'2021-12-13 09:35:44','dukcapil','103.160.57.22','UPDATE','MENGGANTI STATUS  Data Permohonan menjadi Diproses dengan ID = 60','https://serasansekate.pa-sekayu.go.id/akta-cerai'),(270,'2021-12-13 09:35:54','dukcapil','103.160.57.22','UPDATE','MERUBAH DATA  Data Permohonan dengan ID = 60','https://serasansekate.pa-sekayu.go.id/akta-cerai/proses'),(271,'2021-12-13 11:32:07','dukcapil','103.160.57.22','UPDATE','MENGGANTI STATUS  Data Permohonan menjadi Dilihat dengan ID = 59','https://serasansekate.pa-sekayu.go.id/akta-cerai'),(272,'2021-12-13 13:59:16','pengadilan','117.74.114.10','DELETE','MENGHAPUS DATA  Data Permohonan dengan ID = 62','https://serasansekate.pa-sekayu.go.id/akta-cerai'),(273,'2021-12-14 11:57:11','dukcapil','103.160.57.22','UPDATE','MENGGANTI STATUS  Data Permohonan menjadi Diproses dengan ID = 59','https://serasansekate.pa-sekayu.go.id/akta-cerai'),(274,'2021-12-14 11:57:20','dukcapil','103.160.57.22','UPDATE','MERUBAH DATA  Data Permohonan dengan ID = 59','https://serasansekate.pa-sekayu.go.id/akta-cerai/proses'),(275,'2021-12-15 12:25:06','pengadilan','117.74.114.10','CREATE','MENAMBAH DATA  Data Permohonan dengan ID = 64','https://serasansekate.pa-sekayu.go.id/akta-cerai'),(276,'2021-12-15 12:40:47','pengadilan','117.74.114.10','CREATE','MENAMBAH DATA  Data Permohonan dengan ID = 65','https://serasansekate.pa-sekayu.go.id/akta-cerai'),(277,'2021-12-16 09:56:10','dukcapil','103.160.57.22','UPDATE','MENGGANTI STATUS  Data Permohonan menjadi Dilihat dengan ID = 65','https://serasansekate.pa-sekayu.go.id/akta-cerai'),(278,'2021-12-16 10:00:07','dukcapil','103.160.57.22','UPDATE','MENGGANTI STATUS  Data Permohonan menjadi Diproses dengan ID = 65','https://serasansekate.pa-sekayu.go.id/akta-cerai'),(279,'2021-12-16 10:00:30','dukcapil','103.160.57.22','UPDATE','MERUBAH DATA  Data Permohonan dengan ID = 65','https://serasansekate.pa-sekayu.go.id/akta-cerai/proses'),(280,'2021-12-16 10:03:13','dukcapil','103.160.57.22','UPDATE','MENGGANTI STATUS  Data Permohonan menjadi Dilihat dengan ID = 64','https://serasansekate.pa-sekayu.go.id/akta-cerai'),(281,'2021-12-16 10:06:18','dukcapil','103.160.57.22','UPDATE','MENGGANTI STATUS  Data Permohonan menjadi Diproses dengan ID = 64','https://serasansekate.pa-sekayu.go.id/akta-cerai'),(282,'2021-12-16 10:06:28','dukcapil','103.160.57.22','UPDATE','MERUBAH DATA  Data Permohonan dengan ID = 64','https://serasansekate.pa-sekayu.go.id/akta-cerai/proses'),(283,'2021-12-16 15:41:22','dukcapil','103.160.57.22','UPDATE','MENGGANTI STATUS  Data Permohonan menjadi Selesai dengan ID = 64','https://serasansekate.pa-sekayu.go.id/akta-cerai/proses'),(284,'2021-12-16 15:41:25','dukcapil','103.160.57.22','UPDATE','MENGGANTI STATUS  Data Permohonan menjadi Selesai dengan ID = 65','https://serasansekate.pa-sekayu.go.id/akta-cerai/proses'),(285,'2021-12-16 15:41:28','dukcapil','103.160.57.22','UPDATE','MENGGANTI STATUS  Data Permohonan menjadi Selesai dengan ID = 59','https://serasansekate.pa-sekayu.go.id/akta-cerai/proses'),(286,'2021-12-16 15:41:32','dukcapil','103.160.57.22','UPDATE','MENGGANTI STATUS  Data Permohonan menjadi Selesai dengan ID = 60','https://serasansekate.pa-sekayu.go.id/akta-cerai/proses'),(287,'2021-12-16 15:41:35','dukcapil','103.160.57.22','UPDATE','MENGGANTI STATUS  Data Permohonan menjadi Selesai dengan ID = 61','https://serasansekate.pa-sekayu.go.id/akta-cerai/proses'),(288,'2021-12-16 15:41:38','dukcapil','103.160.57.22','UPDATE','MENGGANTI STATUS  Data Permohonan menjadi Selesai dengan ID = 63','https://serasansekate.pa-sekayu.go.id/akta-cerai/proses'),(289,'2022-03-08 11:03:10','pengadilan','117.74.114.10','CREATE','MENAMBAH DATA  Data Permohonan dengan ID = 66','https://serasansekate.pa-sekayu.go.id/akta-cerai'),(290,'2022-03-08 11:03:21','dukcapil','117.74.114.10','UPDATE','MENGGANTI STATUS  Data Permohonan menjadi Dilihat dengan ID = 66','https://serasansekate.pa-sekayu.go.id/akta-cerai'),(291,'2022-03-08 11:04:16','dukcapil','117.74.114.10','UPDATE','MENGGANTI STATUS  Data Permohonan menjadi Ditolak dengan ID = 66','https://serasansekate.pa-sekayu.go.id/akta-cerai'),(292,'2022-03-08 13:36:17','dukcapil','::1','UPDATE','MENGGANTI STATUS  Data Permohonan menjadi Dilihat dengan ID = 21','http://localhost/layanan_ajesd/akta-cerai'),(293,'2022-03-08 13:36:25','dukcapil','::1','UPDATE','MENGGANTI STATUS  Data Permohonan menjadi Ditolak dengan ID = 21','http://localhost/layanan_ajesd/akta-cerai'),(294,'2022-03-08 13:41:03','dukcapil','::1','UPDATE','MENGGANTI STATUS  Data Permohonan menjadi Dilihat dengan ID = 21','http://localhost/layanan_ajesd/akta-cerai'),(295,'2022-03-08 13:41:21','dukcapil','::1','UPDATE','MENGGANTI STATUS  Data Permohonan menjadi Ditolak dengan ID = 21','http://localhost/layanan_ajesd/akta-cerai'),(296,'2022-03-08 14:29:21','a@gmail.com','::1','UPDATE','MERUBAH DATA  Data Permohonan dengan ID = 21','http://localhost/layanan_ajesd/akta-cerai'),(297,'2022-03-08 14:30:21','a@gmail.com','::1','UPDATE','MERUBAH DATA  Data Permohonan dengan ID = 21','http://localhost/layanan_ajesd/akta-cerai'),(298,'2022-03-08 15:00:20','a@gmail.com','::1','UPDATE','MERUBAH DATA  Data Permohonan dengan ID = 21','http://localhost/layanan_ajesd/akta-cerai'),(299,'2022-03-08 15:03:13','a@gmail.com','::1','DELETE','MENGHAPUS DATA  Data Permohonan dengan ID = 21','http://localhost/layanan_ajesd/akta-cerai'),(300,'2022-03-08 15:03:55','a@gmail.com','::1','CREATE','MENAMBAH DATA  Data Permohonan dengan ID = 67','http://localhost/layanan_ajesd/akta-cerai'),(301,'2022-03-08 15:04:22','a@gmail.com','::1','UPDATE','MERUBAH DATA  Data Permohonan dengan ID = 67','http://localhost/layanan_ajesd/akta-cerai'),(302,'2022-03-08 15:06:40','a@gmail.com','::1','UPDATE','MERUBAH DATA  Data Permohonan dengan ID = 67','http://localhost/layanan_ajesd/akta-cerai'),(303,'2022-03-09 07:44:02','dukcapil','::1','UPDATE','MENGGANTI STATUS  Data Permohonan menjadi Dilihat dengan ID = 67','http://localhost/layanan_ajesd/akta-cerai'),(304,'2022-03-09 07:46:31','dukcapil','::1','UPDATE','MENGGANTI STATUS  Data Permohonan menjadi Diproses dengan ID = 67','http://localhost/layanan_ajesd/akta-cerai'),(305,'2022-03-09 07:48:17','dukcapil','::1','UPDATE','MERUBAH DATA  Data Permohonan dengan ID = ','http://localhost/layanan_ajesd/akta-cerai/proses'),(306,'2022-03-09 08:15:02','dukcapil','::1','UPDATE','MERUBAH DATA  Data Permohonan dengan ID = ','http://localhost/layanan_ajesd/akta-cerai/proses'),(307,'2022-03-09 08:19:36','dukcapil','::1','UPDATE','MERUBAH DATA  Data Permohonan dengan ID = ','http://localhost/layanan_ajesd/akta-cerai/proses'),(308,'2022-03-09 08:21:19','dukcapil','::1','UPDATE','MERUBAH DATA  Data Permohonan dengan ID = ','http://localhost/layanan_ajesd/akta-cerai/proses'),(309,'2022-03-09 08:37:31','dukcapil','::1','UPDATE','MENGGANTI STATUS  Data Permohonan menjadi Dilihat dengan ID = 66','http://localhost/layanan_ajesd/akta-cerai'),(310,'2022-03-22 13:05:07','b@gmail.com','::1','DELETE','MENGHAPUS DATA  Data Permohonan dengan ID = 66','http://localhost/layanan_ajesd/akta-cerai'),(311,'2022-03-22 13:08:32','b@gmail.com','::1','CREATE','MENAMBAH DATA  Data Permohonan dengan ID = 68','http://localhost/layanan_ajesd/akta-cerai'),(312,'2022-03-22 13:10:07','dukcapil','::1','UPDATE','MENGGANTI STATUS  Data Permohonan menjadi Dilihat dengan ID = 68','http://localhost/layanan_ajesd/akta-cerai'),(313,'2022-03-22 13:10:12','dukcapil','::1','UPDATE','MENGGANTI STATUS  Data Permohonan menjadi Diproses dengan ID = 68','http://localhost/layanan_ajesd/akta-cerai'),(314,'2022-03-22 13:11:03','dukcapil','::1','UPDATE','MENGGANTI STATUS  Data Permohonan menjadi Selesai dengan ID = 68','http://localhost/layanan_ajesd/akta-cerai/proses'),(315,'2022-03-22 13:52:47','dukcapil','::1','UPDATE','MENGGANTI STATUS  Data Permohonan menjadi Dilihat dengan ID = 67','http://localhost/layanan_ajesd/akta-cerai'),(316,'2022-03-22 13:53:08','dukcapil','::1','UPDATE','MENGGANTI STATUS  Data Permohonan menjadi Diproses dengan ID = 68','http://localhost/layanan_ajesd/akta-cerai'),(317,'2022-03-22 16:05:20','dukcapil','::1','UPDATE','MENGGANTI STATUS  Data Permohonan menjadi Dilihat dengan ID = 68','http://localhost/layanan_ajesd/akta-cerai'),(318,'2022-03-22 16:05:53','dukcapil','::1','UPDATE','MENGGANTI STATUS  Data Permohonan menjadi Diproses dengan ID = 68','http://localhost/layanan_ajesd/akta-cerai'),(319,'2022-03-22 22:23:39','dukcapil','::1','UPDATE','MENGGANTI STATUS  Data Permohonan menjadi Diproses dengan ID = 67','http://localhost/layanan_ajesd/akta-cerai'),(320,'2022-03-22 22:24:01','dukcapil','::1','UPDATE','MERUBAH DATA  Data Permohonan dengan ID = ','http://localhost/layanan_ajesd/akta-cerai/proses'),(321,'2022-03-22 22:24:15','dukcapil','::1','UPDATE','MENGGANTI STATUS  Data Permohonan menjadi Dilihat dengan ID = 65','http://localhost/layanan_ajesd/akta-cerai'),(322,'2022-03-22 22:24:16','dukcapil','::1','UPDATE','MENGGANTI STATUS  Data Permohonan menjadi Ditolak dengan ID = 65','http://localhost/layanan_ajesd/akta-cerai'),(323,'2022-03-22 22:24:35','dukcapil','::1','UPDATE','MERUBAH DATA  Data Permohonan dengan ID = ','http://localhost/layanan_ajesd/akta-cerai/proses'),(324,'2022-03-22 22:29:44','dukcapil','::1','UPDATE','MENGGANTI STATUS  Data Permohonan menjadi Ditolak dengan ID = ','http://localhost/layanan_ajesd/akta-cerai/proses'),(325,'2022-03-22 22:29:52','dukcapil','::1','UPDATE','MENGGANTI STATUS  Data Permohonan menjadi Ditolak dengan ID = ','http://localhost/layanan_ajesd/akta-cerai/proses'),(326,'2022-03-22 22:34:31','dukcapil','::1','UPDATE','MENGGANTI STATUS  Data Permohonan menjadi Ditolak dengan ID = ','http://localhost/layanan_ajesd/akta-cerai/proses'),(327,'2022-03-22 22:35:09','dukcapil','::1','UPDATE','MERUBAH DATA  Data Permohonan dengan ID = ','http://localhost/layanan_ajesd/akta-cerai/proses'),(328,'2022-03-22 22:36:11','dukcapil','::1','UPDATE','MERUBAH DATA  Data Permohonan dengan ID = ','http://localhost/layanan_ajesd/akta-cerai/proses'),(329,'2022-03-22 22:36:19','dukcapil','::1','UPDATE','MERUBAH DATA  Data Permohonan dengan ID = ','http://localhost/layanan_ajesd/akta-cerai/proses'),(330,'2022-03-22 22:36:26','dukcapil','::1','UPDATE','MENGGANTI STATUS  Data Permohonan menjadi Selesai dengan ID = 67','http://localhost/layanan_ajesd/akta-cerai/proses'),(331,'2022-03-22 22:44:55','dukcapil','::1','UPDATE','MENGGANTI STATUS  Data Permohonan menjadi Ditolak dengan ID = ','http://localhost/layanan_ajesd/akta-cerai/proses'),(332,'2022-03-22 22:47:47','dukcapil','::1','UPDATE','MENGGANTI STATUS  Data Permohonan menjadi Ditolak dengan ID = ','http://localhost/layanan_ajesd/akta-cerai/proses'),(333,'2022-03-22 22:47:54','dukcapil','::1','UPDATE','MENGGANTI STATUS  Data Permohonan menjadi Ditolak dengan ID = ','http://localhost/layanan_ajesd/akta-cerai/proses'),(334,'2022-03-22 22:48:18','dukcapil','::1','UPDATE','MENGGANTI STATUS  Data Permohonan menjadi Ditolak dengan ID = ','http://localhost/layanan_ajesd/akta-cerai/proses'),(335,'2022-03-22 22:50:05','dukcapil','::1','UPDATE','MENGGANTI STATUS  Data Permohonan menjadi Ditolak dengan ID = ','http://localhost/layanan_ajesd/akta-cerai/proses'),(336,'2022-03-22 22:50:18','dukcapil','::1','UPDATE','MENGGANTI STATUS  Data Permohonan menjadi Ditolak dengan ID = ','http://localhost/layanan_ajesd/akta-cerai/proses'),(337,'2022-03-22 22:50:40','dukcapil','::1','UPDATE','MENGGANTI STATUS  Data Permohonan menjadi Ditolak dengan ID = ','http://localhost/layanan_ajesd/akta-cerai/proses'),(338,'2022-03-22 22:50:44','dukcapil','::1','UPDATE','MENGGANTI STATUS  Data Permohonan menjadi Diproses dengan ID = ','http://localhost/layanan_ajesd/akta-cerai/proses'),(339,'2022-03-22 22:55:33','dukcapil','::1','UPDATE','MENGGANTI STATUS  Data Permohonan menjadi Ditolak dengan ID = ','http://localhost/layanan_ajesd/akta-cerai/proses'),(340,'2022-03-22 22:55:44','dukcapil','::1','UPDATE','MENGGANTI STATUS  Data Permohonan menjadi Ditolak dengan ID = ','http://localhost/layanan_ajesd/akta-cerai/proses'),(341,'2022-03-22 22:56:06','dukcapil','::1','UPDATE','MENGGANTI STATUS  Data Permohonan menjadi Ditolak dengan ID = ','http://localhost/layanan_ajesd/akta-cerai/proses'),(342,'2022-03-22 22:56:21','dukcapil','::1','UPDATE','MERUBAH DATA  Data Permohonan dengan ID = ',''),(343,'2022-03-22 22:57:37','dukcapil','::1','UPDATE','MENGGANTI STATUS  Data Permohonan menjadi Ditolak dengan ID = ','http://localhost/layanan_ajesd/akta-cerai/proses'),(344,'2022-03-22 22:59:32','dukcapil','::1','UPDATE','MENGGANTI STATUS  Data Permohonan menjadi Ditolak dengan ID = ','http://localhost/layanan_ajesd/akta-cerai/proses'),(345,'2022-03-22 23:01:07','dukcapil','::1','UPDATE','MENGGANTI STATUS  Data Permohonan menjadi Ditolak dengan ID = ','http://localhost/layanan_ajesd/akta-cerai/proses'),(346,'2022-03-22 23:01:30','dukcapil','::1','UPDATE','MERUBAH DATA  Data Permohonan dengan ID = ','http://localhost/layanan_ajesd/akta-cerai/proses'),(347,'2022-03-22 23:01:51','dukcapil','::1','UPDATE','MENGGANTI STATUS  Data Permohonan menjadi Dilihat dengan ID = 64','http://localhost/layanan_ajesd/akta-cerai'),(348,'2022-03-22 23:01:54','dukcapil','::1','UPDATE','MENGGANTI STATUS  Data Permohonan menjadi Ditolak dengan ID = 64','http://localhost/layanan_ajesd/akta-cerai'),(349,'2022-03-22 23:05:04','dukcapil','::1','UPDATE','MERUBAH DATA  Data Permohonan dengan ID = 65','http://localhost/layanan_ajesd/akta-cerai'),(350,'2022-03-22 23:08:04','dukcapil','::1','UPDATE','MERUBAH DATA  Data Permohonan dengan ID = 65','http://localhost/layanan_ajesd/akta-cerai'),(351,'2022-03-22 23:08:12','dukcapil','::1','UPDATE','MENGGANTI STATUS  Data Permohonan menjadi Dilihat dengan ID = 65','http://localhost/layanan_ajesd/akta-cerai'),(352,'2022-03-22 23:14:51','dukcapil','::1','UPDATE','MENGGANTI STATUS  Data Permohonan menjadi Ditolak dengan ID = ','http://localhost/layanan_ajesd/akta-cerai/proses'),(353,'2022-03-22 23:16:30','dukcapil','::1','UPDATE','MENGGANTI STATUS  Data Permohonan menjadi Ditolak dengan ID = ','http://localhost/layanan_ajesd/akta-cerai/proses'),(354,'2022-03-22 23:18:21','dukcapil','::1','UPDATE','MENGGANTI STATUS  Data Permohonan menjadi Ditolak dengan ID = 67','http://localhost/layanan_ajesd/akta-cerai/proses'),(355,'2022-03-22 23:18:43','dukcapil','::1','UPDATE','MENGGANTI STATUS  Data Permohonan menjadi Diproses dengan ID = 65','http://localhost/layanan_ajesd/akta-cerai'),(356,'2022-03-22 23:19:06','dukcapil','::1','UPDATE','MENGGANTI STATUS  Data Permohonan menjadi Ditolak dengan ID = 65','http://localhost/layanan_ajesd/akta-cerai/proses'),(357,'2022-03-23 08:08:13','dukcapil','::1','UPDATE','MERUBAH DATA  Data Permohonan dengan ID = 67','http://localhost/layanan_ajesd/akta-cerai'),(358,'2022-03-23 08:08:19','dukcapil','::1','UPDATE','MENGGANTI STATUS  Data Permohonan menjadi Dilihat dengan ID = 67','http://localhost/layanan_ajesd/akta-cerai'),(359,'2022-03-23 08:09:14','dukcapil','::1','UPDATE','MENGGANTI STATUS  Data Permohonan menjadi Diproses dengan ID = 67','http://localhost/layanan_ajesd/akta-cerai'),(360,'2022-03-23 08:20:03','dukcapil','::1','UPDATE','MENGGANTI STATUS  Data Permohonan menjadi Diproses dengan ID = 68','http://localhost/layanan_ajesd/akta-cerai/proses'),(361,'2022-03-23 08:20:21','dukcapil','::1','UPDATE','MENGGANTI STATUS  Data Permohonan menjadi Selesai dengan ID = 68','http://localhost/layanan_ajesd/akta-cerai/proses'),(362,'2022-03-23 08:22:11','dukcapil','::1','UPDATE','MENGGANTI STATUS  Data Permohonan menjadi Selesai dengan ID = 67','http://localhost/layanan_ajesd/akta-cerai/proses'),(363,'2022-03-23 08:34:07','dukcapil','::1','UPDATE','MENGGANTI STATUS  Data Permohonan menjadi Selesai dengan ID = 67','http://localhost/layanan_ajesd/akta-cerai/proses'),(364,'2022-03-23 09:04:45','dukcapil','::1','UPDATE','MENGGANTI STATUS  Data Permohonan menjadi Selesai dengan ID = 67','http://localhost/layanan_ajesd/akta-cerai/proses'),(365,'2022-03-23 09:54:53','a@gmail.com','::1','UPDATE','MERUBAH DATA  Data Permohonan dengan ID = 67','http://localhost/layanan_ajesd/akta-cerai'),(366,'2022-03-23 10:04:38','a@gmail.com','::1','UPDATE','MERUBAH DATA  Data Permohonan dengan ID = 67','http://localhost/layanan_ajesd/akta-cerai'),(367,'2022-03-23 13:49:40','a@gmail.com','::1','CREATE','MENAMBAH DATA  Data Permohonan dengan ID = 69','http://localhost/layanan_ajesd/akta-cerai'),(368,'2022-03-23 13:53:27','a@gmail.com','::1','CREATE','MENAMBAH DATA  Data Permohonan dengan ID = 70','http://localhost/layanan_ajesd/akta-cerai'),(369,'2022-03-23 14:05:31','a@gmail.com','::1','DELETE','MENGHAPUS DATA  Data Permohonan dengan ID = 70','http://localhost/layanan_ajesd/akta-cerai'),(370,'2022-03-23 14:05:35','a@gmail.com','::1','DELETE','MENGHAPUS DATA  Data Permohonan dengan ID = 69','http://localhost/layanan_ajesd/akta-cerai'),(371,'2022-03-23 14:34:31','a@gmail.com','::1','CREATE','MENAMBAH DATA  Data Permohonan dengan ID = 71','http://localhost/layanan_ajesd/akta-cerai'),(372,'2022-03-24 16:46:01','a@gmail.com','::1','CREATE','MENAMBAH DATA  Data Permohonan dengan ID = 72','http://localhost/layanan_ajesd/akta-cerai'),(373,'2022-03-24 16:58:40','dukcapil','::1','UPDATE','MENGGANTI STATUS  Data Permohonan menjadi Dilihat dengan ID = 72','http://localhost/layanan_ajesd/akta-cerai'),(374,'2022-03-24 19:47:24','a@gmail.com','::1','CREATE','MENAMBAH DATA  Data Permohonan dengan ID = 73','http://localhost/layanan_ajesd/akta-cerai'),(375,'2022-03-24 20:55:46','dukcapil','::1','UPDATE','MENGGANTI STATUS  Data Permohonan menjadi Dilihat dengan ID = 73','http://localhost/layanan_ajesd/akta-cerai/permohonan'),(376,'2022-03-24 21:07:28','dukcapil','::1','UPDATE','MENGGANTI STATUS  Data Permohonan menjadi Diproses dengan ID = 73','http://localhost/layanan_ajesd/akta-cerai'),(377,'2022-03-24 21:09:24','dukcapil','::1','UPDATE','MENGGANTI STATUS  Data Permohonan menjadi Dilihat dengan ID = 73','http://localhost/layanan_ajesd/akta-cerai'),(378,'2022-03-24 21:37:03','dukcapil','::1','UPDATE','MENGGANTI STATUS  Data Permohonan menjadi Ditolak dengan ID = 73','http://localhost/layanan_ajesd/akta-cerai/permohonan'),(379,'2022-03-24 21:38:07','a@gmail.com','::1','UPDATE','MERUBAH DATA  Data Permohonan dengan ID = 73','http://localhost/layanan_ajesd/akta-cerai/pendaftaran'),(380,'2022-03-24 21:42:02','dukcapil','::1','UPDATE','MENGGANTI STATUS  Data Permohonan menjadi Dilihat dengan ID = 73','http://localhost/layanan_ajesd/akta-cerai/permohonan'),(381,'2022-03-24 21:42:04','dukcapil','::1','UPDATE','MENGGANTI STATUS  Data Permohonan menjadi Diproses dengan ID = 73','http://localhost/layanan_ajesd/akta-cerai/permohonan'),(382,'2022-03-24 21:44:55','dukcapil','::1','UPDATE','MENGGANTI STATUS  Data Permohonan menjadi Ditolak dengan ID = 73','http://localhost/layanan_ajesd/akta-cerai/proses'),(383,'2022-03-24 21:48:12','dukcapil','::1','UPDATE','MENGGANTI STATUS  Data Permohonan menjadi Dilihat dengan ID = 73','http://localhost/layanan_ajesd/akta-cerai/permohonan'),(384,'2022-03-24 21:54:19','dukcapil','::1','UPDATE','MENGGANTI STATUS  Data Permohonan menjadi Diproses dengan ID = 73','http://localhost/layanan_ajesd/akta-cerai/permohonan'),(385,'2022-03-24 21:54:39','dukcapil','::1','UPDATE','MENGGANTI STATUS  Data Permohonan menjadi Ditolak dengan ID = 73','http://localhost/layanan_ajesd/akta-cerai/proses'),(386,'2022-03-24 21:55:21','a@gmail.com','::1','UPDATE','MERUBAH DATA  Data Permohonan dengan ID = 73','http://localhost/layanan_ajesd/akta-cerai/pendaftaran'),(387,'2022-03-24 21:55:38','dukcapil','::1','UPDATE','MENGGANTI STATUS  Data Permohonan menjadi Dilihat dengan ID = 73','http://localhost/layanan_ajesd/akta-cerai/permohonan'),(388,'2022-03-24 21:56:08','dukcapil','::1','UPDATE','MENGGANTI STATUS  Data Permohonan menjadi Diproses dengan ID = 73','http://localhost/layanan_ajesd/akta-cerai/permohonan'),(389,'2022-03-24 21:56:58','dukcapil','::1','UPDATE','MENGGANTI STATUS  Data Permohonan menjadi Selesai dengan ID = 73','http://localhost/layanan_ajesd/akta-cerai/proses'),(390,'2022-03-24 22:07:10','dukcapil','::1','UPDATE','MENGGANTI STATUS  Data Permohonan menjadi Selesai dengan ID = 73','http://localhost/layanan_ajesd/akta-cerai/proses'),(391,'2022-03-24 22:08:43','dukcapil','::1','UPDATE','MENGGANTI STATUS  Data Permohonan menjadi Dilihat dengan ID = 73','http://localhost/layanan_ajesd/akta-cerai/permohonan'),(392,'2022-03-24 22:08:44','dukcapil','::1','UPDATE','MENGGANTI STATUS  Data Permohonan menjadi Diproses dengan ID = 73','http://localhost/layanan_ajesd/akta-cerai/permohonan'),(393,'2022-03-24 22:09:05','dukcapil','::1','UPDATE','MENGGANTI STATUS  Data Permohonan menjadi Selesai dengan ID = 73','http://localhost/layanan_ajesd/akta-cerai/proses'),(394,'2022-03-28 20:20:28','asep31@gmail.com','::1','CREATE','MENAMBAH DATA  Data Permohonan dengan ID = 74','http://localhost/layanan_ajesd/ajesd/pendaftaran'),(395,'2022-03-28 20:28:55','asep31@gmail.com','::1','DELETE','MENGHAPUS DATA  Data Permohonan dengan ID = 74','http://localhost/layanan_ajesd/ajesd/pendaftaran'),(396,'2022-03-28 20:45:58','asep31@gmail.com','::1','CREATE','MENAMBAH DATA  Data Permohonan dengan ID = 75','http://localhost/layanan_ajesd/ajesd/pendaftaran'),(397,'2022-03-28 20:54:11','dukcapil','::1','UPDATE','MENGGANTI STATUS  Data Permohonan menjadi Dilihat dengan ID = 75','http://localhost/layanan_ajesd/ajesd/permohonan'),(398,'2022-03-28 20:55:09','dukcapil','::1','UPDATE','MENGGANTI STATUS  Data Permohonan menjadi Diproses dengan ID = 75','http://localhost/layanan_ajesd/ajesd/permohonan'),(399,'2022-03-28 21:01:07','dukcapil','::1','UPDATE','MENGGANTI STATUS  Data Permohonan menjadi Ditolak dengan ID = 75','http://localhost/layanan_ajesd/ajesd/proses'),(400,'2022-03-28 21:02:05','asep31@gmail.com','::1','UPDATE','MERUBAH DATA  Data Permohonan dengan ID = 75','http://localhost/layanan_ajesd/ajesd/pendaftaran'),(401,'2022-03-28 21:02:26','dukcapil','::1','UPDATE','MENGGANTI STATUS  Data Permohonan menjadi Dilihat dengan ID = 75','http://localhost/layanan_ajesd/ajesd/permohonan'),(402,'2022-03-28 21:03:01','dukcapil','::1','UPDATE','MENGGANTI STATUS  Data Permohonan menjadi Diproses dengan ID = 75','http://localhost/layanan_ajesd/ajesd/permohonan'),(403,'2022-03-28 21:04:36','dukcapil','::1','UPDATE','MENGGANTI STATUS  Data Permohonan menjadi Selesai dengan ID = 75','http://localhost/layanan_ajesd/ajesd/proses'),(404,'2022-03-28 21:08:39','asep31@gmail.com','::1','CREATE','MENAMBAH DATA  Data Permohonan dengan ID = 76','http://localhost/layanan_ajesd/ajesd'),(405,'2022-03-28 21:13:22','dukcapil','::1','UPDATE','MENGGANTI STATUS  Data Permohonan menjadi Dilihat dengan ID = 76','http://localhost/layanan_ajesd/ajesd/permohonan'),(406,'2022-03-28 21:13:27','dukcapil','::1','UPDATE','MENGGANTI STATUS  Data Permohonan menjadi Diproses dengan ID = 76','http://localhost/layanan_ajesd/ajesd/permohonan'),(407,'2022-03-28 21:14:17','dukcapil','::1','UPDATE','MENGGANTI STATUS  Data Permohonan menjadi Ditolak dengan ID = 76','http://localhost/layanan_ajesd/ajesd/proses'),(408,'2022-03-28 22:16:21','asep31@gmail.com','::1','UPDATE','MERUBAH DATA  Data Permohonan dengan ID = 76','http://localhost/layanan_ajesd/ajesd'),(409,'2022-03-28 22:16:34','dukcapil','::1','UPDATE','MENGGANTI STATUS  Data Permohonan menjadi Dilihat dengan ID = 76','http://localhost/layanan_ajesd/ajesd/permohonan'),(410,'2022-03-28 22:16:41','dukcapil','::1','UPDATE','MENGGANTI STATUS  Data Permohonan menjadi Diproses dengan ID = 76','http://localhost/layanan_ajesd/ajesd/permohonan'),(411,'2022-03-28 22:17:08','dukcapil','::1','UPDATE','MENGGANTI STATUS  Data Permohonan menjadi Selesai dengan ID = 76','http://localhost/layanan_ajesd/ajesd/proses');

/*Table structure for table `desa` */

DROP TABLE IF EXISTS `desa`;

CREATE TABLE `desa` (
  `desa_id` varchar(10) NOT NULL,
  `desa_nama` varchar(40) DEFAULT NULL,
  `kecamatan_id` varchar(7) DEFAULT NULL,
  PRIMARY KEY (`desa_id`),
  KEY `kecamatan_id` (`kecamatan_id`),
  CONSTRAINT `desa_ibfk_1` FOREIGN KEY (`kecamatan_id`) REFERENCES `kecamatan` (`kecamatan_id`) ON DELETE CASCADE ON UPDATE CASCADE
) ENGINE=InnoDB DEFAULT CHARSET=latin1;

/*Data for the table `desa` */

insert  into `desa`(`desa_id`,`desa_nama`,`kecamatan_id`) values ('1606010001','Air Balui','1606010'),('1606010002','Nganti','1606010'),('1606010003','Jud Ii','1606010'),('1606010004','Jud I','1606010'),('1606010005','Penggage','1606010'),('1606010006','Ngulak Iii','1606010'),('1606010007','Ngunang','1606010'),('1606010008','Ulak Embacang','1606010'),('1606010009','Ngulak I','1606010'),('1606010010','Ngulak Ii','1606010'),('1606010011','Terusan','1606010'),('1606010012','Kemang','1606010'),('1606010013','Tanjung Raya','1606010'),('1606010014','Air Itam','1606010'),('1606010015','Keban Ii','1606010'),('1606010016','Keban I','1606010'),('1606010017','Panai','1606010'),('1606010018','Macang Sakti','1606010'),('1606010019','Ngulak','1606010'),('1606020026','Kasmaran','1606020'),('1606020027','Toman','1606020'),('1606020028','Babat','1606020'),('1606020029','Mangun Jaya','1606020'),('1606020030','Muara Punjung','1606020'),('1606020031','Beruga','1606020'),('1606020032','Sugiwaras','1606020'),('1606020033','Sugi Raya','1606020'),('1606020034','Sereka','1606020'),('1606020035','Sri Mulyo','1606020'),('1606020036','Sungai Angit','1606020'),('1606020037','Bangun Sari','1606020'),('1606021001','Pengaturan','1606021'),('1606021002','Pinggap','1606021'),('1606021003','Tanah Abang','1606021'),('1606021004','Talang Leban','1606021'),('1606021005','Saud','1606021'),('1606021006','Bukit Sejahtera','1606021'),('1606021007','Bukit Selabu Upt Ii','1606021'),('1606021008','Tanjung Bali','1606021'),('1606021009','Lubuk Buah','1606021'),('1606021010','Bukit Pangkuasan Upt Iv','1606021'),('1606021011','Talang Buluh','1606021'),('1606021012','Sungai Napal','1606021'),('1606021013','Pangkalan Bulian','1606021'),('1606021014','Lubuk Bintialo','1606021'),('1606021015','Sako Suban','1606021'),('1606021016','Ulak Kembang','1606021'),('1606022001','Bangun Harjo','1606022'),('1606022002','Sukamaju','1606022'),('1606022003','Suka Makmur','1606022'),('1606022004','Suka Damai','1606022'),('1606022005','Sido Mukti','1606022'),('1606022006','Sukajaya','1606022'),('1606022007','Sidorahayu','1606022'),('1606022008','Bukit Indah','1606022'),('1606022009','Air Putih Ulu','1606022'),('1606022010','Cinta Karya','1606022'),('1606022011','Sialang Agung','1606022'),('1606022012','Warga Mulya','1606022'),('1606022013','Tanjung Kaputran','1606022'),('1606022014','Air Putih Ilir','1606022'),('1606022015','Sumber Rezeki','1606022'),('1606023001','Rantau Panjang','1606023'),('1606023002','Karang Anyar','1606023'),('1606023003','Karang Waru','1606023'),('1606023004','Bumi Ayu','1606023'),('1606023005','Ulak Paceh','1606023'),('1606023006','Tanjung Durian','1606023'),('1606023007','Napal','1606023'),('1606023008','Rantau Kasih','1606023'),('1606023009','Karang Ringin Ii','1606023'),('1606023010','Karang Ringin I','1606023'),('1606023011','Ulak Teberau','1606023'),('1606023012','Simpang Sari','1606023'),('1606023013','Ulak Paceh Jaya','1606023'),('1606023014','Talang Piase','1606023'),('1606023015','Pandan Dulang','1606023'),('1606030001','Jirak','1606030'),('1606030002','Talang Mandung','1606030'),('1606030003','Sungai Dua','1606030'),('1606030004','Setia Jaya','1606030'),('1606030005','Pagar Kaya','1606030'),('1606030006','Suka Lali','1606030'),('1606030007','Kertayu','1606030'),('1606030008','Sindang Marga','1606030'),('1606030009','Tebing Bulang','1606030'),('1606030010','Gajah Mati','1606030'),('1606030011','Rantau Sialang','1606030'),('1606030012','Kerta Jaya','1606030'),('1606030013','Rukun Rahayu','1606030'),('1606030014','Mekarjaya','1606030'),('1606030015','Rejo Sari','1606030'),('1606030016','Jembatan Gantung','1606030'),('1606030017','Baru Jaya','1606030'),('1606030018','Layan','1606030'),('1606030019','Keramat Jaya','1606030'),('1606030020','Sinar Jaya','1606030'),('1606030021','Talang Simpang','1606030'),('1606030022','Bangkit Jaya','1606030'),('1606040001','Rimbah Ukur','1606040'),('1606040002','Sungai Medak','1606040'),('1606040003','Sungai Batang','1606040'),('1606040004','Sukarami','1606040'),('1606040005','Soak Baru','1606040'),('1606040006','Balai Agung','1606040'),('1606040007','Serasan Jaya','1606040'),('1606040008','Kayuara','1606040'),('1606040009','Lumpatan','1606040'),('1606040010','Bailangu','1606040'),('1606040022','Muara Teladan','1606040'),('1606040023','Bandar Jaya','1606040'),('1606040024','Lumpatan Ii','1606040'),('1606040025','Bailangu Timur','1606040'),('1606041001','Danau Cala','1606041'),('1606041002','Rantau Keroya','1606041'),('1606041003','Teluk Kijing I','1606041'),('1606041004','Tanjung Agung Barat','1606041'),('1606041005','Tanjung Agung Timur','1606041'),('1606041006','Tanjung Agung Utara','1606041'),('1606041007','Purwosari','1606041'),('1606041008','Teluk Kijing Iii','1606041'),('1606041009','Teluk Kijing Ii','1606041'),('1606041010','Petaling','1606041'),('1606041011','Lais','1606041'),('1606041012','Teluk','1606041'),('1606041013','Epil','1606041'),('1606041014','Tanjung Agung Selatan','1606041'),('1606090007','Sungai Lilin','1606090'),('1606090018','Sumber Rejeki','1606090'),('1606090019','Sukadamai Baru','1606090'),('1606090020','Cinta Damai','1606090'),('1606090021','Berlian Makmur','1606090'),('1606090022','Srigunung','1606090'),('1606090023','Bumi Kencana','1606090'),('1606090024','Panca Tunggal','1606090'),('1606090025','Mulyorejo','1606090'),('1606090026','Linggo Sari','1606090'),('1606090027','Nusa Serasan','1606090'),('1606090028','Pinang Banjar','1606090'),('1606090029','Mekar Jadi','1606090'),('1606090035','Bukit Jaya','1606090'),('1606090036','Sungai Lilin Jaya','1606090'),('1606091001','Tenggaro','1606091'),('1606091002','Keluang','1606091'),('1606091003','Sumber Agung','1606091'),('1606091004','Karya Maju','1606091'),('1606091005','Tegal Mulya','1606091'),('1606091006','Mekar Jaya','1606091'),('1606091007','Loka Jaya','1606091'),('1606091008','Dawas','1606091'),('1606091009','Tanjung Dalam','1606091'),('1606091010','Cipta Praja','1606091'),('1606091011','Mekarsari','1606091'),('1606091012','Mulyo Asih','1606091'),('1606091013','Sido Rejo','1606091'),('1606091014','Sridamai','1606091'),('1606092001','Gajah Mati','1606092'),('1606092002','Tanjung Kerang','1606092'),('1606092003','Babat Banyuasin','1606092'),('1606092004','Supat','1606092'),('1606092005','Letang','1606092'),('1606092006','Suka Maju','1606092'),('1606092007','Langkap','1606092'),('1606092008','Tenggulang Jaya','1606092'),('1606092009','Bandar Tenggulang','1606092'),('1606092010','Sumber Jaya','1606092'),('1606092011','Tenggulang Baru','1606092'),('1606092012','Seratus Lapan','1606092'),('1606092013','Babat Ramba Jaya','1606092'),('1606092014','Supat Barat','1606092'),('1606092015','Supat Timur','1606092'),('1606100027','Muara Merang','1606100'),('1606100028','Mangsang','1606100'),('1606100040','Tampang Baru','1606100'),('1606100041','Pulai Gading','1606100'),('1606100042','Muara Medak','1606100'),('1606100043','Kali Berau','1606100'),('1606100047','Sindang Marga','1606100'),('1606100048','Telang','1606100'),('1606100049','Mendis','1606100'),('1606100050','Simpang Bayat','1606100'),('1606100051','Pangkalan Bayat','1606100'),('1606100052','Pagar Desa','1606100'),('1606100053','Bayat Ilir','1606100'),('1606100054','Bayung Lencir','1606100'),('1606100055','Senawar Jaya','1606100'),('1606100056','Sukajaya','1606100'),('1606100057','Muara Bahar','1606100'),('1606100058','Mekar Jaya','1606100'),('1606100059','Kepayang','1606100'),('1606100060','Mendis Jaya','1606100'),('1606100061','Lubuk Harjo','1606100'),('1606100062','Bayung Lencir Jaya','1606100'),('1606100063','Wonorejo','1606100'),('1606101001','Karang Agung','1606101'),('1606101002','Gali Sari','1606101'),('1606101003','Perumpung Raya','1606101'),('1606101004','Karang Makmur','1606101'),('1606101005','Karang Rejo','1606101'),('1606101006','Karya Mukti','1606101'),('1606101007','Mulya Agung','1606101'),('1606101008','Madya Mulya','1606101'),('1606101009','Karang Tirta','1606101'),('1606101010','Purwa Agung','1606101'),('1606101011','Tri Mulya Agung','1606101'),('1606101012','Ringin Agung','1606101'),('1606101013','Mekar Sari','1606101'),('1606101014','Sri Karang Rejo','1606101'),('1606101015','Karang Mukti','1606101'),('1606101016','Karang Sari','1606101'),('1606101017','Mulya Jaya','1606101'),('1606101018','Sari Agung','1606101'),('1606101019','Sukajadi','1606101'),('1606101020','Bandar Agung','1606101'),('1606101021','Mandala Sari','1606101'),('1606101022','Sri Gading','1606101'),('1606101023','Bumi Agung','1606101'),('1606101024','Agung Jaya','1606101'),('1606101025','Jaya Agung','1606101'),('1606101026','Suka Makmur','1606101'),('1606102001','Berojaya Timur','1606102'),('1606102002','Beji Mulyo','1606102'),('1606102003','Margo Mulyo','1606102'),('1606102004','Pandan Sari','1606102'),('1606102005','Simpang Tungkal','1606102'),('1606102006','Suka Damai','1606102'),('1606102007','Peninggalan','1606102'),('1606102008','Pangkalan Tungkal','1606102'),('1606102009','Berlian Jaya','1606102'),('1606102010','Sumber Harum','1606102'),('1606102011','Sumber Sari','1606102'),('1606102012','Srimulyo','1606102'),('1606102013','Banjar Jaya','1606102'),('1606102014','Sinar Harapan','1606102'),('1606102015','Sinar Tungkal','1606102'),('1606102016','Sido Mulyo','1606102');

/*Table structure for table `kecamatan` */

DROP TABLE IF EXISTS `kecamatan`;

CREATE TABLE `kecamatan` (
  `kecamatan_id` varchar(7) NOT NULL,
  `kabupaten_id` int(4) NOT NULL,
  `kecamatan_nama` varchar(30) NOT NULL,
  PRIMARY KEY (`kecamatan_id`)
) ENGINE=InnoDB DEFAULT CHARSET=latin1;

/*Data for the table `kecamatan` */

insert  into `kecamatan`(`kecamatan_id`,`kabupaten_id`,`kecamatan_nama`) values ('1606010',1606,' Sanga Desa'),('1606020',1606,' Babat Toman'),('1606021',1606,' Batanghari Leko'),('1606022',1606,' Plakat Tinggi'),('1606023',1606,' Lawang Wetan'),('1606030',1606,' Sungai Keruh'),('1606040',1606,' Sekayu'),('1606041',1606,' Lais'),('1606090',1606,' Sungai Lilin'),('1606091',1606,' Keluang'),('1606092',1606,' Babat Supat'),('1606100',1606,' Bayung Lencir'),('1606101',1606,' Lalan'),('1606102',1606,' Tungkal Jaya');

/*Table structure for table `slide` */

DROP TABLE IF EXISTS `slide`;

CREATE TABLE `slide` (
  `slide_id` int(11) NOT NULL AUTO_INCREMENT,
  `slide_judul` varchar(150) NOT NULL,
  `slide_isi` text NOT NULL,
  `slide_gambar` varchar(100) NOT NULL,
  PRIMARY KEY (`slide_id`)
) ENGINE=InnoDB AUTO_INCREMENT=6 DEFAULT CHARSET=utf8mb4;

/*Data for the table `slide` */

insert  into `slide`(`slide_id`,`slide_judul`,`slide_isi`,`slide_gambar`) values (1,'Dinas Kependudukan dan Pencatatan Sipil Kabupaten Musi Banyuasin','Membangun Zona Integritas','4a06008838a0d36fd4bfe3215c387c52.jpg'),(3,'Pengadilan Agama Sekayu','','c7a669f4e6fc48a7fecd24f95d669484.png'),(4,'AREA ZONA INTEGRITAS','','3ddd603f7a01f93617730f77324d3d5e.png'),(5,'Dinas Kependudukan dan Pencatatan Sipil Kabupaten Musi Banyuasin','','037e89bba291f5ef0d29311830b9c64d.jpg');

/*Table structure for table `user` */

DROP TABLE IF EXISTS `user`;

CREATE TABLE `user` (
  `user_id` int(11) NOT NULL AUTO_INCREMENT,
  `user_username` varchar(50) NOT NULL,
  `user_nama` varchar(100) NOT NULL,
  `user_password` varchar(50) NOT NULL,
  `no_hp` varchar(50) DEFAULT NULL,
  `jenis_kelamin` varchar(50) DEFAULT NULL,
  `user_role` enum('Admin','Operator Pengadilan','Operator Dukcapil','Admin Dukcapil') DEFAULT NULL,
  `last_login` datetime NOT NULL,
  `user_status` enum('active','nonactive') NOT NULL DEFAULT 'active',
  `created_by` varchar(100) NOT NULL,
  PRIMARY KEY (`user_id`)
) ENGINE=InnoDB AUTO_INCREMENT=15 DEFAULT CHARSET=latin1;

/*Data for the table `user` */

insert  into `user`(`user_id`,`user_username`,`user_nama`,`user_password`,`no_hp`,`jenis_kelamin`,`user_role`,`last_login`,`user_status`,`created_by`) values (7,'admin','admin','ff4dcac8e34165ac5ac8a89a76b6e9f0',NULL,NULL,'Admin','2022-01-17 11:41:43','active','adityads'),(8,'pengadilan','pengadilan','b969f66a6b1cf9487aee47baa7c16cf0',NULL,NULL,'Operator Pengadilan','2022-03-08 11:00:14','active','admin'),(9,'dukcapil','dukcapil','0ac49cffeb2bf4a6494833140d0e4821',NULL,NULL,'Operator Dukcapil','2022-03-28 20:46:36','active','admin'),(10,'admindukcapil','admindukcapil','a0f1634e04f8ca1cfefeaa0eae36af0c',NULL,NULL,'Admin Dukcapil','2021-03-30 15:09:20','active','admin'),(11,'a@gmail.com','asep','e10adc3949ba59abbe56e057f20f883e','081271794758','Laki-laki','Operator Pengadilan','2022-03-28 17:22:39','active',''),(12,'b@gmail.com','budi','e10adc3949ba59abbe56e057f20f883e','081271794758','Laki-laki','Operator Pengadilan','2022-03-22 13:04:36','active',''),(13,'ba@gmail.com','asasa','e10adc3949ba59abbe56e057f20f883e','080052502505','Laki-laki','Operator Pengadilan','2022-03-28 15:47:23','active',''),(14,'asep31@gmail.com','Asep sunandar putra','e10adc3949ba59abbe56e057f20f883e','085369877745','Laki-laki','Operator Pengadilan','2022-03-28 20:17:09','active','');

/*!40101 SET SQL_MODE=@OLD_SQL_MODE */;
/*!40014 SET FOREIGN_KEY_CHECKS=@OLD_FOREIGN_KEY_CHECKS */;
/*!40014 SET UNIQUE_CHECKS=@OLD_UNIQUE_CHECKS */;
/*!40111 SET SQL_NOTES=@OLD_SQL_NOTES */;
